--
-- Database: ProjetBDDL2
--

--
-- Dumping data for table CATEGORIE
--

INSERT INTO CATEGORIE VALUES('Boissons');
INSERT INTO CATEGORIE VALUES('Fruits et Legumes');
INSERT INTO CATEGORIE VALUES('Poissons');
INSERT INTO CATEGORIE VALUES('Viandes');

--
-- Dumping data for table CLIENT
--

INSERT INTO CLIENT VALUES(1117144480, 3.00, 'Havoc', 'Mehdi', '258 Rue Sellier, Laxou', 'Havoc.Mehdi@univ-lorraine.fr', '0269833233');
INSERT INTO CLIENT VALUES(1223129340, 3.00, 'Barksdale', 'Irina', '259 Rue Charles3, Vandoeuvre', 'Barksdale.Irina@univ-lorraine.fr', '0219727247');
INSERT INTO CLIENT VALUES(1318935820, 6.00, 'Cobain', 'Yann', '96 Avenue saint-epvre, Metz', 'Cobain.Yann@univ-lorraine.fr', '0251771993');
INSERT INTO CLIENT VALUES(1434419360, 8.00, 'DuLac', 'Yann', '156 Place Lobau, Metz', 'DuLac.Yann@univ-lorraine.fr', '0255538892');
INSERT INTO CLIENT VALUES(1534358150, 9.00, 'Tarantino', 'Adrien', '104 Boulevard Charles3, Metz', 'Tarantino.Adrien@univ-lorraine.fr', '0222158371');
INSERT INTO CLIENT VALUES(1544619710, 3.00, 'Ionesco', 'Isabelle', '226 Avenue saint-epvre, Nancy', 'Ionesco.Isabelle@univ-lorraine.fr', '0289927862');
INSERT INTO CLIENT VALUES(2189959140, 4.00, 'Taha', 'Ali', '291 Avenue Charles3, Nancy', 'Taha.Ali@univ-lorraine.fr', '0269782461');
INSERT INTO CLIENT VALUES(2427538880, 8.00, 'Adeba', 'Perceval', '103 Place Charles3, Nancy', 'Adeba.Perceval@univ-lorraine.fr', '0299392368');
INSERT INTO CLIENT VALUES(2483463290, 2.00, 'Havoc', 'Mehdi', '165 Place Lobau, Metz', 'Havoc.Mehdi@univ-lorraine.fr', '0294227516');
INSERT INTO CLIENT VALUES(2876413650, 9.00, 'Kubrick', 'Perceval', '76 Place Stanislas, Nancy', 'Kubrick.Perceval@univ-lorraine.fr', '0225795229');
INSERT INTO CLIENT VALUES(3161756750, 4.00, 'Adeba', 'Jimmy', '170 Rue Charles3, Laxou', 'Adeba.Jimmy@univ-lorraine.fr', '0277925125');
INSERT INTO CLIENT VALUES(3372385960, 10.00, 'Tarantino', 'Remi', '279 Place Charles3, Metz', 'Tarantino.Remi@univ-lorraine.fr', '0297525784');
INSERT INTO CLIENT VALUES(3599151610, 6.00, 'Davis', 'Helene', '218 Place jeanne d''arc, Laxou', 'Davis.Helene@univ-lorraine.fr', '0277767115');
INSERT INTO CLIENT VALUES(3682546210, 1.00, 'Cobain', 'Marlo', '219 Avenue jeanne d''arc, Metz', 'Cobain.Marlo@univ-lorraine.fr', '0288796428');
INSERT INTO CLIENT VALUES(3778298750, 6.00, 'Prodigy', 'Jimmy', '296 Avenue Henri Deglin, Vandoeuvre', 'Prodigy.Jimmy@univ-lorraine.fr', '0275786268');
INSERT INTO CLIENT VALUES(4114611710, 4.00, 'Ionesco', 'Marlo', '4 Boulevard des jardiniers, Laxou', 'Ionesco.Marlo@univ-lorraine.fr', '0244847714');
INSERT INTO CLIENT VALUES(4218486420, 4.00, 'Stanfield', 'Karadoc', '139 Avenue des jardiniers, Laxou', 'Stanfield.Karadoc@univ-lorraine.fr', '0226753371');
INSERT INTO CLIENT VALUES(4367861570, 6.00, 'Davis', 'Omar', '25 Avenue Sellier, Nancy', 'Davis.Omar@univ-lorraine.fr', '0295362868');
INSERT INTO CLIENT VALUES(4481244670, 4.00, 'Prodigy', 'Isabelle', '153 Avenue Henri Deglin, Metz', 'Prodigy.Isabelle@univ-lorraine.fr', '0219231853');
INSERT INTO CLIENT VALUES(4817135640, 6.00, 'Havoc', 'Omar', '188 Boulevard jeanne d''arc, Laxou', 'Havoc.Omar@univ-lorraine.fr', '0287648224');
INSERT INTO CLIENT VALUES(5193115570, 1.00, 'DuLac', 'Avon', '141 Avenue Henri Deglin, Vandoeuvre', 'DuLac.Avon@univ-lorraine.fr', '0287112849');
INSERT INTO CLIENT VALUES(5332114160, 3.00, 'Tarantino', 'Remi', '64 Avenue Lobau, Nancy', 'Tarantino.Remi@univ-lorraine.fr', '0242525219');
INSERT INTO CLIENT VALUES(5636236850, 10.00, 'Stanfield', 'Yann', '292 Rue Sellier, Metz', 'Stanfield.Yann@univ-lorraine.fr', '0272979196');
INSERT INTO CLIENT VALUES(5841723990, 10.00, 'Taha', 'Isabelle', '203 Rue Grande, Vandoeuvre', 'Taha.Isabelle@univ-lorraine.fr', '0257478432');
INSERT INTO CLIENT VALUES(5879334710, 5.00, 'Adeba', 'Ali', '224 Place saint-epvre, Laxou', 'Adeba.Ali@univ-lorraine.fr', '0299749735');
INSERT INTO CLIENT VALUES(5912642460, 3.00, 'Havoc', 'Ali', '205 Rue Charles3, Nancy', 'Havoc.Ali@univ-lorraine.fr', '0271895759');
INSERT INTO CLIENT VALUES(5937158220, 5.00, 'Stanfield', 'Mehdi', '106 Rue Grande, Metz', 'Stanfield.Mehdi@univ-lorraine.fr', '0286619541');
INSERT INTO CLIENT VALUES(5942946590, 6.00, 'Tarantino', 'Helene', '264 Boulevard saint-epvre, Metz', 'Tarantino.Helene@univ-lorraine.fr', '0242199235');
INSERT INTO CLIENT VALUES(5971779250, 1.00, 'Adeba', 'Adrien', '216 Rue Sellier, Laxou', 'Adeba.Adrien@univ-lorraine.fr', '0292786421');
INSERT INTO CLIENT VALUES(5981488590, 3.00, 'Barksdale', 'Helene', '20 Rue Grande, Nancy', 'Barksdale.Helene@univ-lorraine.fr', '0272375436');
INSERT INTO CLIENT VALUES(6112742170, 7.00, 'Adeba', 'Mehdi', '79 Place Sellier, Laxou', 'Adeba.Mehdi@univ-lorraine.fr', '0216127359');
INSERT INTO CLIENT VALUES(6177491390, 8.00, 'Adeba', 'Jimmy', '100 Boulevard jeanne d''arc, Metz', 'Adeba.Jimmy@univ-lorraine.fr', '0252859677');
INSERT INTO CLIENT VALUES(6254695410, 6.00, 'Cobain', 'Adrien', '298 Boulevard des jardiniers, Vandoeuvre', 'Cobain.Adrien@univ-lorraine.fr', '0253814662');
INSERT INTO CLIENT VALUES(6275676510, 4.00, 'Stanfield', 'Yann', '32 Place Sellier, Laxou', 'Stanfield.Yann@univ-lorraine.fr', '0294394473');
INSERT INTO CLIENT VALUES(6315844110, 2.00, 'Stanfield', 'Perceval', '111 Avenue Grande, Vandoeuvre', 'Stanfield.Perceval@univ-lorraine.fr', '0233174163');
INSERT INTO CLIENT VALUES(6364259210, 6.00, 'Ionesco', 'Jimmy', '210 Avenue Sellier, Laxou', 'Ionesco.Jimmy@univ-lorraine.fr', '0296568962');
INSERT INTO CLIENT VALUES(6777491680, 5.00, 'Stanfield', 'Helene', '255 Avenue Claudot, Nancy', 'Stanfield.Helene@univ-lorraine.fr', '0275711741');
INSERT INTO CLIENT VALUES(7331252860, 8.00, 'Ionesco', 'Mehdi', '232 Boulevard Charles3, Nancy', 'Ionesco.Mehdi@univ-lorraine.fr', '0255669714');
INSERT INTO CLIENT VALUES(7432865540, 2.00, 'Havoc', 'Yann', '79 Boulevard jeanne d''arc, Metz', 'Havoc.Yann@univ-lorraine.fr', '0217496191');
INSERT INTO CLIENT VALUES(7523691520, 6.00, 'Taha', 'Yann', '126 Rue des jardiniers, Nancy', 'Taha.Yann@univ-lorraine.fr', '0289968727');
INSERT INTO CLIENT VALUES(8188114730, 3.00, 'Barksdale', 'Ali', '141 Avenue jeanne d''arc, Vandoeuvre', 'Barksdale.Ali@univ-lorraine.fr', '0239115386');
INSERT INTO CLIENT VALUES(8538238810, 2.00, 'Barksdale', 'Remi', '92 Avenue Lobau, Metz', 'Barksdale.Remi@univ-lorraine.fr', '0249798642');
INSERT INTO CLIENT VALUES(8588585760, 8.00, 'Ionesco', 'Remi', '145 Boulevard Lobau, Nancy', 'Ionesco.Remi@univ-lorraine.fr', '0239913571');
INSERT INTO CLIENT VALUES(8871112790, 7.00, 'DuLac', 'Ali', '112 Boulevard Henri Deglin, Vandoeuvre', 'DuLac.Ali@univ-lorraine.fr', '0291738999');
INSERT INTO CLIENT VALUES(9445976950, 9.00, 'Havoc', 'Jimmy', '124 Boulevard Henri Deglin, Nancy', 'Havoc.Jimmy@univ-lorraine.fr', '0225617635');
INSERT INTO CLIENT VALUES(9575533350, 8.00, 'Stanfield', 'Perceval', '188 Boulevard Lobau, Laxou', 'Stanfield.Perceval@univ-lorraine.fr', '0229734643');
INSERT INTO CLIENT VALUES(9671438920, 8.00, 'Adeba', 'Remi', '272 Boulevard Grande, Nancy', 'Adeba.Remi@univ-lorraine.fr', '0255155737');
INSERT INTO CLIENT VALUES(9682778590, 9.00, 'Havoc', 'Mehdi', '86 Rue jeanne d''arc, Laxou', 'Havoc.Mehdi@univ-lorraine.fr', '0265532624');
INSERT INTO CLIENT VALUES(9712449720, 1.00, 'Kubrick', 'Ali', '99 Avenue Stanislas, Vandoeuvre', 'Kubrick.Ali@univ-lorraine.fr', '0261966929');
INSERT INTO CLIENT VALUES(9794549680, 8.00, 'Davis', 'Adrien', '102 Rue saint-epvre, Nancy', 'Davis.Adrien@univ-lorraine.fr', '0231177714');


--
-- Dumping data for table PRODUIT
--

INSERT INTO PRODUIT VALUES('12431574596446974350', 'MontLouis', 'MarqueAPasReperer', NULL, 7.00, 'F', 8.00, 115);
INSERT INTO PRODUIT VALUES('12595663421373637890', 'Crevettes', 'MarqueAPasReperer', NULL, 6.00, 'F', 6.00, 213);
INSERT INTO PRODUIT VALUES('13655334891411833320', 'Truite', 'PastopBudget', NULL, 1.00, 'F', 12.00, 180);
INSERT INTO PRODUIT VALUES('13724343589856724190', 'Vouvray', 'MarqueAPasReperer', NULL, 3.00, 'F', 15.00, 176);
INSERT INTO PRODUIT VALUES('13871442115845312880', 'Kiwis', 'Pouce', NULL, 13.00, 'F', 14.00, 124);
INSERT INTO PRODUIT VALUES('15249766367147185360', 'Perrier', 'MarqueAPasReperer', NULL, 5.00, 'F', 3.00, 235);
INSERT INTO PRODUIT VALUES('15617467141432116590', 'Orange', 'MarqueAPasReperer', NULL, 5.00, 'F', 10.00, 131);
INSERT INTO PRODUIT VALUES('15748555183839825130', 'Amandes', 'PastopBudget', NULL, 10.00, 'F', 9.00, 150);
INSERT INTO PRODUIT VALUES('15981158222851799290', 'Pepsi', 'PastopBudget', NULL, 1.00, 'F', 14.00, 170);
INSERT INTO PRODUIT VALUES('16468144999767938740', 'Noisettes', 'Eco-', NULL, 7.00, 'F', 1.00, 277);
INSERT INTO PRODUIT VALUES('16656114326835973980', 'Pinot Gris', 'PastopBudget', NULL, 13.00, 'F', 10.00, 246);
INSERT INTO PRODUIT VALUES('17237946682357619330', 'Vodka', 'Eco-', NULL, 6.00, 'F', 4.00, 222);
INSERT INTO PRODUIT VALUES('17744113973361528860', 'Noisettes', 'PastopBudget', NULL, 13.00, 'F', 7.00, 238);
INSERT INTO PRODUIT VALUES('17844294816252217110', 'Dinde', 'Pouce', NULL, 13.00, 'F', 5.00, 228);
INSERT INTO PRODUIT VALUES('17955435619151322820', 'Pomme', 'Eco-', NULL, 8.00, 'F', 15.00, 163);
INSERT INTO PRODUIT VALUES('18575513674596814690', 'Kiwis', 'MarqueAPasReperer', NULL, 11.00, 'F', 15.00, 265);
INSERT INTO PRODUIT VALUES('18712774366744264210', 'Saumon', 'MarqueAPasReperer', NULL, 6.00, 'F', 4.00, 239);
INSERT INTO PRODUIT VALUES('18967185498758878940', 'Crevettes', 'Eco-', NULL, 1.00, 'F', 2.00, 168);
INSERT INTO PRODUIT VALUES('21754578879935327160', 'Volvic', 'Pouce', NULL, 4.00, 'F', 7.00, 274);
INSERT INTO PRODUIT VALUES('22667271672289757640', 'Radis', 'Pouce', NULL, 12.00, 'F', 12.00, 255);
INSERT INTO PRODUIT VALUES('22889779227664521840', 'Pommes', 'MarqueAPasReperer', NULL, 5.00, 'F', 9.00, 216);
INSERT INTO PRODUIT VALUES('23734476368392437620', 'Costieres de Nimes', 'PastopBudget', NULL, 14.00, 'F', 13.00, 108);
INSERT INTO PRODUIT VALUES('24315421697869581340', 'Radis', 'PastopBudget', NULL, 10.00, 'F', 6.00, 275);
INSERT INTO PRODUIT VALUES('25448452789519546980', 'Medoc', 'Pouce', NULL, 14.00, 'F', 8.00, 203);
INSERT INTO PRODUIT VALUES('25533245649444567280', 'Canard', 'Pouce', NULL, 5.00, 'F', 13.00, 222);
INSERT INTO PRODUIT VALUES('25881346415187563440', 'Palourdes', 'MarqueAPasReperer', NULL, 6.00, 'F', 15.00, 198);
INSERT INTO PRODUIT VALUES('26123158195648968260', 'Oasis tropical', 'MarqueAPasReperer', NULL, 14.00, 'F', 3.00, 239);
INSERT INTO PRODUIT VALUES('26526224997653839790', 'Pomme kiwi', 'PastopBudget', NULL, 3.00, 'F', 5.00, 191);
INSERT INTO PRODUIT VALUES('26588416159881774440', 'Bananes', 'MarqueAPasReperer', NULL, 5.00, 'F', 6.00, 190);
INSERT INTO PRODUIT VALUES('26634257219355513430', 'Bouillabaisse', 'MarqueAPasReperer', NULL, 15.00, 'F', 1.00, 151);
INSERT INTO PRODUIT VALUES('27658557555316214910', 'Reuilly', 'Eco-', NULL, 7.00, 'F', 3.00, 231);
INSERT INTO PRODUIT VALUES('27813277788363911140', 'Pessac', 'MarqueAPasReperer', NULL, 9.00, 'F', 15.00, 218);
INSERT INTO PRODUIT VALUES('27815138666342679320', 'Vodka', 'MarqueAPasReperer', NULL, 11.00, 'F', 7.00, 123);
INSERT INTO PRODUIT VALUES('27958316451723556170', 'Bananes', 'Eco-', NULL, 11.00, 'F', 14.00, 204);
INSERT INTO PRODUIT VALUES('28189825466253953510', 'Medoc', 'MarqueAPasReperer', NULL, 1.00, 'F', 13.00, 198);
INSERT INTO PRODUIT VALUES('28221571636125289590', 'Poulet', 'Eco-', NULL, 9.00, 'F', 4.00, 261);
INSERT INTO PRODUIT VALUES('28262241277148475370', 'Lait de soja', 'MarqueAPasReperer', NULL, 14.00, 'F', 15.00, 206);
INSERT INTO PRODUIT VALUES('28546892886951542410', 'Poulet', 'MarqueAPasReperer', NULL, 5.00, 'F', 3.00, 244);
INSERT INTO PRODUIT VALUES('28733673225854935130', 'Gin', 'MarqueAPasReperer', NULL, 15.00, 'F', 2.00, 149);
INSERT INTO PRODUIT VALUES('28798441957644728230', 'Litchi Orange', 'MarqueAPasReperer', NULL, 11.00, 'F', 7.00, 119);
INSERT INTO PRODUIT VALUES('29192215124317212920', 'Oasis Pomme cassis', 'MarqueAPasReperer', NULL, 6.00, 'F', 8.00, 105);
INSERT INTO PRODUIT VALUES('29288771468785325720', 'Porc', 'PastopBudget', NULL, 6.00, 'F', 9.00, 166);
INSERT INTO PRODUIT VALUES('29414848349615228420', 'Pomme', 'PastopBudget', NULL, 4.00, 'F', 12.00, 150);
INSERT INTO PRODUIT VALUES('29799789647654981410', 'Bouillabaisse', 'PastopBudget', NULL, 13.00, 'F', 3.00, 138);
INSERT INTO PRODUIT VALUES('31842113177415335650', 'Chou', 'PastopBudget', NULL, 14.00, 'F', 2.00, 167);
INSERT INTO PRODUIT VALUES('31884339279891734180', 'Crevettes', 'Pouce', NULL, 1.00, 'F', 11.00, 121);
INSERT INTO PRODUIT VALUES('33632869977525442240', 'Chou', 'MarqueAPasReperer', NULL, 6.00, 'F', 10.00, 166);
INSERT INTO PRODUIT VALUES('34336628199522941910', 'Moules', 'MarqueAPasReperer', NULL, 1.00, 'F', 11.00, 299);
INSERT INTO PRODUIT VALUES('34955558424589742580', 'Bandol', 'MarqueAPasReperer', NULL, 8.00, 'F', 6.00, 223);
INSERT INTO PRODUIT VALUES('36524987454344759440', 'Noisettes', 'MarqueAPasReperer', NULL, 8.00, 'F', 11.00, 289);
INSERT INTO PRODUIT VALUES('36664882316941662860', 'Pomme', 'MarqueAPasReperer', NULL, 13.00, 'F', 13.00, 199);
INSERT INTO PRODUIT VALUES('37494487994761893530', 'Poires', 'Pouce', NULL, 4.00, 'F', 12.00, 260);
INSERT INTO PRODUIT VALUES('37885252433986615560', 'Costieres de Nimes', 'Pouce', NULL, 4.00, 'F', 9.00, 274);
INSERT INTO PRODUIT VALUES('37979192476283927210', 'Pinot Gris', 'Pouce', NULL, 13.00, 'F', 12.00, 107);
INSERT INTO PRODUIT VALUES('37996537434962145790', 'Rozana', 'PastopBudget', NULL, 6.00, 'F', 3.00, 159);
INSERT INTO PRODUIT VALUES('38227748662858183660', 'Saumon', 'PastopBudget', NULL, 6.00, 'F', 5.00, 174);
INSERT INTO PRODUIT VALUES('39772264698312275360', 'Laitue', 'PastopBudget', NULL, 3.00, 'F', 7.00, 183);
INSERT INTO PRODUIT VALUES('39788447553971412890', 'Beaune', 'MarqueAPasReperer', NULL, 1.00, 'F', 15.00, 235);
INSERT INTO PRODUIT VALUES('41847156274954324350', 'Boeuf', 'MarqueAPasReperer', NULL, 5.00, 'F', 7.00, 281);
INSERT INTO PRODUIT VALUES('42849959664246587490', 'Porc', 'MarqueAPasReperer', NULL, 8.00, 'F', 4.00, 198);
INSERT INTO PRODUIT VALUES('43358165211665844390', 'Bandol', 'PastopBudget', NULL, 14.00, 'F', 10.00, 224);
INSERT INTO PRODUIT VALUES('43482342874668476950', 'Lait de Vache', 'Pouce', NULL, 10.00, 'F', 5.00, 237);
INSERT INTO PRODUIT VALUES('43965724653746785480', 'Pomme kiwi', 'Eco-', NULL, 2.00, 'F', 11.00, 126);
INSERT INTO PRODUIT VALUES('44965894427331553140', 'Vouvray', 'Pouce', NULL, 7.00, 'F', 5.00, 294);
INSERT INTO PRODUIT VALUES('45675166784536541440', 'Canard', 'Eco-', NULL, 14.00, 'F', 7.00, 192);
INSERT INTO PRODUIT VALUES('45724816696569733280', 'Hepar', 'PastopBudget', NULL, 6.00, 'F', 6.00, 150);
INSERT INTO PRODUIT VALUES('46173535443645898350', 'Bouillabaisse', 'Pouce', NULL, 5.00, 'F', 12.00, 237);
INSERT INTO PRODUIT VALUES('46318774679272325370', 'Crevettes', 'PastopBudget', NULL, 4.00, 'F', 5.00, 104);
INSERT INTO PRODUIT VALUES('46527362683768873150', 'Gin', 'PastopBudget', NULL, 4.00, 'F', 11.00, 190);
INSERT INTO PRODUIT VALUES('47553775341743341970', 'Rozana', 'PastopBudget', NULL, 7.00, 'F', 14.00, 296);
INSERT INTO PRODUIT VALUES('47869284118977154770', 'Evian', 'PastopBudget', NULL, 9.00, 'F', 6.00, 190);
INSERT INTO PRODUIT VALUES('48311173325853772460', 'Huitres', 'MarqueAPasReperer', NULL, 12.00, 'F', 3.00, 158);
INSERT INTO PRODUIT VALUES('48369347475269541640', 'Canard', 'MarqueAPasReperer', NULL, 9.00, 'F', 14.00, 243);
INSERT INTO PRODUIT VALUES('51391321241415699710', 'Taureau Rouge', 'Pouce', NULL, 11.00, 'F', 1.00, 287);
INSERT INTO PRODUIT VALUES('51759463753578969760', 'Radis', 'MarqueAPasReperer', NULL, 6.00, 'F', 4.00, 142);
INSERT INTO PRODUIT VALUES('52658122127276542920', 'Homards', 'MarqueAPasReperer', NULL, 6.00, 'F', 3.00, 111);
INSERT INTO PRODUIT VALUES('52943811873541648840', 'Gambas', 'PastopBudget', NULL, 8.00, 'F', 12.00, 231);
INSERT INTO PRODUIT VALUES('53541669911558759170', 'Rozana', 'MarqueAPasReperer', NULL, 13.00, 'F', 2.00, 182);
INSERT INTO PRODUIT VALUES('53925715834364122370', 'Amandes', 'Eco-', NULL, 8.00, 'F', 10.00, 116);
INSERT INTO PRODUIT VALUES('55585375131458471620', 'Hepar', 'MarqueAPasReperer', NULL, 4.00, 'F', 1.00, 155);
INSERT INTO PRODUIT VALUES('55944353418824169380', 'Veau', 'PastopBudget', NULL, 2.00, 'F', 10.00, 151);
INSERT INTO PRODUIT VALUES('56396571529313176970', 'Huitres', 'Eco-', NULL, 2.00, 'F', 13.00, 196);
INSERT INTO PRODUIT VALUES('56772968617993855110', 'Nuggets', 'PastopBudget', NULL, 6.00, 'F', 10.00, 161);
INSERT INTO PRODUIT VALUES('56832875623486479260', 'Truite', 'MarqueAPasReperer', NULL, 4.00, 'F', 1.00, 206);
INSERT INTO PRODUIT VALUES('57111196212246157420', 'Boeuf', 'Pouce', NULL, 8.00, 'F', 15.00, 235);
INSERT INTO PRODUIT VALUES('57181266343579497730', 'Lait de Vache', 'PastopBudget', NULL, 12.00, 'F', 5.00, 285);
INSERT INTO PRODUIT VALUES('57485384936143157140', 'Palourdes', 'PastopBudget', NULL, 2.00, 'F', 3.00, 117);
INSERT INTO PRODUIT VALUES('58752656927199539260', 'Pepsi', 'Pouce', NULL, 5.00, 'F', 15.00, 279);
INSERT INTO PRODUIT VALUES('58798729157584594480', 'Pomme', 'Pouce', NULL, 10.00, 'F', 7.00, 283);
INSERT INTO PRODUIT VALUES('58923635817423159250', 'Poires', 'MarqueAPasReperer', NULL, 5.00, 'F', 2.00, 123);
INSERT INTO PRODUIT VALUES('59639784599515587970', 'Poulet', 'PastopBudget', NULL, 1.00, 'F', 13.00, 191);
INSERT INTO PRODUIT VALUES('59997284537649351540', 'Reuilly', 'MarqueAPasReperer', NULL, 11.00, 'F', 13.00, 256);
INSERT INTO PRODUIT VALUES('61944265811269923270', 'Gambas', 'MarqueAPasReperer', NULL, 6.00, 'F', 13.00, 114);
INSERT INTO PRODUIT VALUES('62497359996972185360', 'Pinot Gris', 'MarqueAPasReperer', NULL, 4.00, 'F', 12.00, 167);
INSERT INTO PRODUIT VALUES('62832828147892816340', 'Pomme kiwi', 'MarqueAPasReperer', NULL, 12.00, 'F', 11.00, 100);
INSERT INTO PRODUIT VALUES('64748423289518965370', 'Roquette', 'Eco-', NULL, 14.00, 'F', 6.00, 277);
INSERT INTO PRODUIT VALUES('66127293465539925570', 'Boeuf', 'PastopBudget', NULL, 12.00, 'F', 6.00, 232);
INSERT INTO PRODUIT VALUES('66142265557272782150', 'Whisky', 'PastopBudget', NULL, 11.00, 'F', 1.00, 245);
INSERT INTO PRODUIT VALUES('66149793187885294960', 'Evian', 'MarqueAPasReperer', NULL, 12.00, 'F', 7.00, 251);
INSERT INTO PRODUIT VALUES('66657731265291943110', 'Noix', 'Pouce', NULL, 11.00, 'F', 7.00, 286);
INSERT INTO PRODUIT VALUES('66964126219637877980', 'Truite', 'Eco-', NULL, 11.00, 'F', 9.00, 136);
INSERT INTO PRODUIT VALUES('67882499755417783610', 'Perrier', 'PastopBudget', NULL, 7.00, 'F', 4.00, 185);
INSERT INTO PRODUIT VALUES('67965874286533171240', 'MontLouis', 'PastopBudget', NULL, 12.00, 'F', 12.00, 265);
INSERT INTO PRODUIT VALUES('69223714435824526110', 'Boeuf', 'MarqueAPasReperer', NULL, 11.00, 'F', 15.00, 262);
INSERT INTO PRODUIT VALUES('69364755368882652210', 'Brocoli', 'MarqueAPasReperer', NULL, 11.00, 'F', 3.00, 186);
INSERT INTO PRODUIT VALUES('69746915252799358980', 'Nuggets', 'MarqueAPasReperer', NULL, 2.00, 'F', 11.00, 149);
INSERT INTO PRODUIT VALUES('71475773282445228440', 'Chou', 'Pouce', NULL, 5.00, 'F', 15.00, 282);
INSERT INTO PRODUIT VALUES('71629911766396578290', 'Chablis', 'MarqueAPasReperer', NULL, 2.00, 'F', 15.00, 221);
INSERT INTO PRODUIT VALUES('71796733219182667130', 'Kiwis', 'PastopBudget', NULL, 10.00, 'F', 13.00, 294);
INSERT INTO PRODUIT VALUES('72128294939678486770', 'Coka', 'MarqueAPasReperer', NULL, 12.00, 'F', 8.00, 263);
INSERT INTO PRODUIT VALUES('72224251213598856110', 'Agneau', 'MarqueAPasReperer', NULL, 15.00, 'F', 2.00, 229);
INSERT INTO PRODUIT VALUES('72318899586849687460', 'Roquette', 'MarqueAPasReperer', NULL, 14.00, 'F', 9.00, 116);
INSERT INTO PRODUIT VALUES('72613857395882631890', 'Pinot Gris', 'Eco-', NULL, 3.00, 'F', 12.00, 112);
INSERT INTO PRODUIT VALUES('72733182754592683270', 'Mache', 'MarqueAPasReperer', NULL, 11.00, 'F', 6.00, 290);
INSERT INTO PRODUIT VALUES('73171613255559112170', 'Dinde', 'MarqueAPasReperer', NULL, 10.00, 'F', 12.00, 107);
INSERT INTO PRODUIT VALUES('74499792527638585390', 'Orange breeakfast', 'MarqueAPasReperer', NULL, 6.00, 'F', 6.00, 246);
INSERT INTO PRODUIT VALUES('74674588277447489130', 'Coka', 'PastopBudget', NULL, 4.00, 'F', 5.00, 267);
INSERT INTO PRODUIT VALUES('74762737319816119120', 'Boeuf', 'MarqueAPasReperer', NULL, 13.00, 'F', 4.00, 228);
INSERT INTO PRODUIT VALUES('75659345374746874380', 'Sancerre', 'PastopBudget', NULL, 14.00, 'F', 15.00, 205);
INSERT INTO PRODUIT VALUES('75825166891212483150', 'Lait d''amande', 'MarqueAPasReperer', NULL, 4.00, 'F', 4.00, 203);
INSERT INTO PRODUIT VALUES('76248269842888866810', 'Brocoli', 'Pouce', NULL, 13.00, 'F', 14.00, 116);
INSERT INTO PRODUIT VALUES('77662353456562847720', 'Bisque', 'Pouce', NULL, 2.00, 'F', 3.00, 236);
INSERT INTO PRODUIT VALUES('78418279338958636830', 'MontLouis', 'Eco-', NULL, 13.00, 'F', 7.00, 295);
INSERT INTO PRODUIT VALUES('78699659718318273440', 'Porc', 'Pouce', NULL, 9.00, 'F', 11.00, 252);
INSERT INTO PRODUIT VALUES('78924572591589168530', 'Veau', 'MarqueAPasReperer', NULL, 2.00, 'F', 13.00, 186);
INSERT INTO PRODUIT VALUES('79391435246114222240', 'Volvic', 'PastopBudget', NULL, 3.00, 'F', 14.00, 257);
INSERT INTO PRODUIT VALUES('79991275163873781310', 'Speedup', 'Eco-', NULL, 4.00, 'F', 7.00, 190);
INSERT INTO PRODUIT VALUES('81162625379551893160', 'Amandes', 'MarqueAPasReperer', NULL, 7.00, 'F', 11.00, 186);
INSERT INTO PRODUIT VALUES('81933741867528218540', 'Rozana', 'MarqueAPasReperer', NULL, 9.00, 'F', 3.00, 247);
INSERT INTO PRODUIT VALUES('82186834888916698930', 'Vodka', 'PastopBudget', NULL, 6.00, 'F', 7.00, 160);
INSERT INTO PRODUIT VALUES('82421941866725369940', 'Reveil fruite', 'PastopBudget', NULL, 15.00, 'F', 13.00, 179);
INSERT INTO PRODUIT VALUES('82712526934259584480', 'Pepsi', 'MarqueAPasReperer', NULL, 7.00, 'F', 11.00, 258);
INSERT INTO PRODUIT VALUES('82989169974591697130', 'Speedup', 'Pouce', NULL, 8.00, 'F', 9.00, 121);
INSERT INTO PRODUIT VALUES('84312389894717662480', 'Beaune', 'Pouce', NULL, 15.00, 'F', 13.00, 249);
INSERT INTO PRODUIT VALUES('84487592431575385570', 'Gin', 'Pouce', NULL, 3.00, 'F', 15.00, 125);
INSERT INTO PRODUIT VALUES('84691758143332488140', 'Roquette', 'Pouce', NULL, 14.00, 'F', 6.00, 177);
INSERT INTO PRODUIT VALUES('84877749522918668570', 'Pommes', 'Pouce', NULL, 3.00, 'F', 8.00, 245);
INSERT INTO PRODUIT VALUES('85447642195769724820', 'Whisky', 'Pouce', NULL, 11.00, 'F', 6.00, 231);
INSERT INTO PRODUIT VALUES('85478671544377391330', 'Coca', 'Pouce', NULL, 1.00, 'F', 1.00, 234);
INSERT INTO PRODUIT VALUES('85866313863556189410', 'Lait de soja', 'Pouce', NULL, 13.00, 'F', 11.00, 276);
INSERT INTO PRODUIT VALUES('86439191429155545460', 'Agneau', 'Pouce', NULL, 1.00, 'F', 9.00, 151);
INSERT INTO PRODUIT VALUES('86733946751593613130', 'Noix', 'MarqueAPasReperer', NULL, 4.00, 'F', 10.00, 222);
INSERT INTO PRODUIT VALUES('87186693451691521240', 'Reveil fruite', 'MarqueAPasReperer', NULL, 10.00, 'F', 4.00, 236);
INSERT INTO PRODUIT VALUES('87373936542751893690', 'Laitue', 'MarqueAPasReperer', NULL, 1.00, 'F', 12.00, 217);
INSERT INTO PRODUIT VALUES('87926248535423499180', 'Pinot Blanc', 'MarqueAPasReperer', NULL, 5.00, 'F', 7.00, 299);
INSERT INTO PRODUIT VALUES('88146683713992487960', 'Coca', 'MarqueAPasReperer', NULL, 15.00, 'F', 5.00, 193);
INSERT INTO PRODUIT VALUES('88155938395572887670', 'Volvic', 'MarqueAPasReperer', NULL, 13.00, 'F', 8.00, 238);
INSERT INTO PRODUIT VALUES('89216193855921115620', 'Bouillabaisse', 'Eco-', NULL, 1.00, 'F', 6.00, 159);
INSERT INTO PRODUIT VALUES('91336592847298147220', 'Gambas', 'Pouce', NULL, 4.00, 'F', 10.00, 236);
INSERT INTO PRODUIT VALUES('91696576668867588130', 'Canard', 'PastopBudget', NULL, 12.00, 'F', 3.00, 137);
INSERT INTO PRODUIT VALUES('92366391478579124170', 'Listel', 'MarqueAPasReperer', NULL, 1.00, 'F', 12.00, 217);
INSERT INTO PRODUIT VALUES('92769187466395949860', 'Sancerre', 'MarqueAPasReperer', NULL, 14.00, 'F', 11.00, 255);
INSERT INTO PRODUIT VALUES('93326698831852797630', 'Rozana', 'Pouce', NULL, 4.00, 'F', 6.00, 278);
INSERT INTO PRODUIT VALUES('93845245118826127460', 'Bananes', 'PastopBudget', NULL, 6.00, 'F', 8.00, 211);
INSERT INTO PRODUIT VALUES('93869961489848319790', 'Roquette', 'PastopBudget', NULL, 13.00, 'F', 1.00, 141);
INSERT INTO PRODUIT VALUES('94197677147836393770', 'Daurade', 'Pouce', NULL, 10.00, 'F', 15.00, 178);
INSERT INTO PRODUIT VALUES('94451388697373459760', 'Daurade', 'MarqueAPasReperer', NULL, 10.00, 'F', 13.00, 268);
INSERT INTO PRODUIT VALUES('94866522777314237670', 'Lait de Vache', 'MarqueAPasReperer', NULL, 7.00, 'F', 12.00, 281);
INSERT INTO PRODUIT VALUES('94952375997495484420', 'Taureau Rouge', 'MarqueAPasReperer', NULL, 8.00, 'F', 8.00, 254);
INSERT INTO PRODUIT VALUES('95241889171163596410', 'Perrier', 'Eco-', NULL, 8.00, 'F', 12.00, 242);
INSERT INTO PRODUIT VALUES('95886387199146974910', 'Bisque', 'MarqueAPasReperer', NULL, 12.00, 'F', 4.00, 155);
INSERT INTO PRODUIT VALUES('96948795811125162970', 'Whisky', 'MarqueAPasReperer', NULL, 10.00, 'F', 5.00, 228);
INSERT INTO PRODUIT VALUES('97186918355826742750', 'Truite', 'Pouce', NULL, 10.00, 'F', 9.00, 132);
INSERT INTO PRODUIT VALUES('97381324768816222270', 'Gin', 'Eco-', NULL, 3.00, 'F', 12.00, 158);
INSERT INTO PRODUIT VALUES('97584933838598412170', 'Pomme kiwi', 'Pouce', NULL, 4.00, 'F', 6.00, 294);
INSERT INTO PRODUIT VALUES('97741544254848135210', 'Speedup', 'PastopBudget', NULL, 6.00, 'F', 15.00, 171);
INSERT INTO PRODUIT VALUES('97783328974615472580', 'Costieres de Nimes', 'MarqueAPasReperer', NULL, 4.00, 'F', 3.00, 107);
INSERT INTO PRODUIT VALUES('98183826576723878460', 'Huitres', 'PastopBudget', NULL, 9.00, 'F', 14.00, 233);
INSERT INTO PRODUIT VALUES('98694586189345949940', 'Speedup', 'MarqueAPasReperer', NULL, 5.00, 'F', 13.00, 156);
INSERT INTO PRODUIT VALUES('98751936272455835690', 'Evian', 'Pouce', NULL, 1.00, 'F', 14.00, 104);
INSERT INTO PRODUIT VALUES('99115193573764198610', 'Reuilly', 'PastopBudget', NULL, 2.00, 'F', 10.00, 122);

--
-- Dumping data for table PROMOTION
--

INSERT INTO PROMOTION VALUES('1951761830', STR_TO_DATE('2016-04-05', '%Y-%m-%d'), STR_TO_DATE('2016-05-03', '%Y-%m-%d'), 3);
INSERT INTO PROMOTION VALUES('2269319930', STR_TO_DATE('2016-04-27', '%Y-%m-%d'), STR_TO_DATE('2016-05-05', '%Y-%m-%d'), 2);
INSERT INTO PROMOTION VALUES('3377486230', STR_TO_DATE('2016-04-27', '%Y-%m-%d'), STR_TO_DATE('2016-05-02', '%Y-%m-%d'), 1);
INSERT INTO PROMOTION VALUES('3452457180', STR_TO_DATE('2016-04-25', '%Y-%m-%d'), STR_TO_DATE('2016-05-27', '%Y-%m-%d'), 2);
INSERT INTO PROMOTION VALUES('3557414850', STR_TO_DATE('2016-04-22', '%Y-%m-%d'), STR_TO_DATE('2016-05-04', '%Y-%m-%d'), 3);
INSERT INTO PROMOTION VALUES('3779183150', STR_TO_DATE('2016-04-22', '%Y-%m-%d'), STR_TO_DATE('2016-05-01', '%Y-%m-%d'), 3);
INSERT INTO PROMOTION VALUES('4986442180', STR_TO_DATE('2016-04-14', '%Y-%m-%d'), STR_TO_DATE('2016-05-09', '%Y-%m-%d'), 2);
INSERT INTO PROMOTION VALUES('5563155570', STR_TO_DATE('2016-04-14', '%Y-%m-%d'), STR_TO_DATE('2016-05-30', '%Y-%m-%d'), 2);
INSERT INTO PROMOTION VALUES('5782269770', STR_TO_DATE('2016-04-10', '%Y-%m-%d'), STR_TO_DATE('2016-05-13', '%Y-%m-%d'), 1);
INSERT INTO PROMOTION VALUES('7364855640', STR_TO_DATE('2016-04-03', '%Y-%m-%d'), STR_TO_DATE('2016-05-13', '%Y-%m-%d'), 2);
INSERT INTO PROMOTION VALUES('7526618990', STR_TO_DATE('2016-04-18', '%Y-%m-%d'), STR_TO_DATE('2016-05-05', '%Y-%m-%d'), 2);
INSERT INTO PROMOTION VALUES('7988279630', STR_TO_DATE('2016-04-14', '%Y-%m-%d'), STR_TO_DATE('2016-05-23', '%Y-%m-%d'), 3);
INSERT INTO PROMOTION VALUES('8127814190', STR_TO_DATE('2016-04-21', '%Y-%m-%d'), STR_TO_DATE('2016-05-10', '%Y-%m-%d'), 1);
INSERT INTO PROMOTION VALUES('8224833970', STR_TO_DATE('2016-04-22', '%Y-%m-%d'), STR_TO_DATE('2016-05-04', '%Y-%m-%d'), 3);
INSERT INTO PROMOTION VALUES('8548467490', STR_TO_DATE('2016-04-27', '%Y-%m-%d'), STR_TO_DATE('2016-05-14', '%Y-%m-%d'), 3);
INSERT INTO PROMOTION VALUES('8698476130', STR_TO_DATE('2016-04-17', '%Y-%m-%d'), STR_TO_DATE('2016-05-26', '%Y-%m-%d'), 1);
INSERT INTO PROMOTION VALUES('8785476590', STR_TO_DATE('2016-04-22', '%Y-%m-%d'), STR_TO_DATE('2016-05-30', '%Y-%m-%d'), 3);
INSERT INTO PROMOTION VALUES('9396461340', STR_TO_DATE('2016-04-12', '%Y-%m-%d'), STR_TO_DATE('2016-05-04', '%Y-%m-%d'), 2);
INSERT INTO PROMOTION VALUES('9696594640', STR_TO_DATE('2016-04-26', '%Y-%m-%d'), STR_TO_DATE('2016-05-17', '%Y-%m-%d'), 2);
INSERT INTO PROMOTION VALUES('9748734740', STR_TO_DATE('2016-04-01', '%Y-%m-%d'), STR_TO_DATE('2016-05-05', '%Y-%m-%d'), 3);

--
-- Dumping data for table P_INDIVIDUELLE
--

INSERT INTO P_INDIVIDUELLE VALUES('3377486230', 20.00, NULL, '1');
INSERT INTO P_INDIVIDUELLE VALUES('4986442180', 2.00, NULL, '0');
INSERT INTO P_INDIVIDUELLE VALUES('5782269770', 10.00, NULL, '0');
INSERT INTO P_INDIVIDUELLE VALUES('7364855640', NULL, 1, '0');
INSERT INTO P_INDIVIDUELLE VALUES('7526618990', 1.00, NULL, '1');
INSERT INTO P_INDIVIDUELLE VALUES('7988279630', NULL, 1, '0');
INSERT INTO P_INDIVIDUELLE VALUES('8548467490', 10.00, NULL, '1');
INSERT INTO P_INDIVIDUELLE VALUES('9696594640', 2.00, NULL, '0');
INSERT INTO P_INDIVIDUELLE VALUES('9748734740', NULL, 1, '1');

--
-- Dumping data for table P_LOT
--

INSERT INTO P_LOT VALUES('1951761830', 2, 1);
INSERT INTO P_LOT VALUES('2269319930', 3, 1);
INSERT INTO P_LOT VALUES('3452457180', 2, 1);
INSERT INTO P_LOT VALUES('3557414850', 3, 1);
INSERT INTO P_LOT VALUES('3779183150', 3, 1);
INSERT INTO P_LOT VALUES('5563155570', 3, 1);
INSERT INTO P_LOT VALUES('8127814190', 2, 1);
INSERT INTO P_LOT VALUES('8224833970', 2, 1);
INSERT INTO P_LOT VALUES('8698476130', 2, 1);
INSERT INTO P_LOT VALUES('8785476590', 3, 1);
INSERT INTO P_LOT VALUES('9396461340', 2, 1);


--
-- Dumping data for table OBJET_PROMO
--

INSERT INTO OBJET_PROMO VALUES('1951761830', '13871442115845312880');
INSERT INTO OBJET_PROMO VALUES('9748734740', '15981158222851799290');
INSERT INTO OBJET_PROMO VALUES('3452457180', '17744113973361528860');
INSERT INTO OBJET_PROMO VALUES('9396461340', '17955435619151322820');
INSERT INTO OBJET_PROMO VALUES('5563155570', '21754578879935327160');
INSERT INTO OBJET_PROMO VALUES('7988279630', '26123158195648968260');
INSERT INTO OBJET_PROMO VALUES('8785476590', '26526224997653839790');
INSERT INTO OBJET_PROMO VALUES('8698476130', '26634257219355513430');


--
-- Dumping data for table RAYON
--

INSERT INTO RAYON VALUES('Eaux', 'Boissons');
INSERT INTO RAYON VALUES('Lait', 'Boissons');
INSERT INTO RAYON VALUES('Sodas', 'Boissons');
INSERT INTO RAYON VALUES('Spiritueux', 'Boissons');
INSERT INTO RAYON VALUES('Vin', 'Boissons');
INSERT INTO RAYON VALUES('Fruits', 'Fruits et Legumes');
INSERT INTO RAYON VALUES('Legumes', 'Fruits et Legumes');
INSERT INTO RAYON VALUES('Poissonnerie', 'Poissons');
INSERT INTO RAYON VALUES('Traiteur', 'Poissons');
INSERT INTO RAYON VALUES('Boucherie', 'Viandes');
INSERT INTO RAYON VALUES('Volaille', 'Viandes');

--
-- Dumping data for table SOUS_RAYON
--

INSERT INTO SOUS_RAYON VALUES('Agneau', 'Boucherie');
INSERT INTO SOUS_RAYON VALUES('Boeuf', 'Boucherie');
INSERT INTO SOUS_RAYON VALUES('Porc', 'Boucherie');
INSERT INTO SOUS_RAYON VALUES('Veau', 'Boucherie');
INSERT INTO SOUS_RAYON VALUES('De Source', 'Eaux');
INSERT INTO SOUS_RAYON VALUES('Magnesienne', 'Eaux');
INSERT INTO SOUS_RAYON VALUES('Minerales', 'Eaux');
INSERT INTO SOUS_RAYON VALUES('Fruits frais', 'Fruits');
INSERT INTO SOUS_RAYON VALUES('Fruits secs', 'Fruits');
INSERT INTO SOUS_RAYON VALUES('Jus', 'Fruits');
INSERT INTO SOUS_RAYON VALUES('Amande', 'Lait');
INSERT INTO SOUS_RAYON VALUES('Soja', 'Lait');
INSERT INTO SOUS_RAYON VALUES('Vache', 'Lait');
INSERT INTO SOUS_RAYON VALUES('Legumes', 'Legumes');
INSERT INTO SOUS_RAYON VALUES('Salades Sachet', 'Legumes');
INSERT INTO SOUS_RAYON VALUES('Coquillages', 'Poissonnerie');
INSERT INTO SOUS_RAYON VALUES('Crustaces', 'Poissonnerie');
INSERT INTO SOUS_RAYON VALUES('Filets', 'Poissonnerie');
INSERT INTO SOUS_RAYON VALUES('Aux fruits', 'Sodas');
INSERT INTO SOUS_RAYON VALUES('Cola', 'Sodas');
INSERT INTO SOUS_RAYON VALUES('Energisant', 'Sodas');
INSERT INTO SOUS_RAYON VALUES('Gin', 'Spiritueux');
INSERT INTO SOUS_RAYON VALUES('Vodka', 'Spiritueux');
INSERT INTO SOUS_RAYON VALUES('Whisky', 'Spiritueux');
INSERT INTO SOUS_RAYON VALUES('Marinade', 'Traiteur');
INSERT INTO SOUS_RAYON VALUES('Soupes', 'Traiteur');
INSERT INTO SOUS_RAYON VALUES('Surimi', 'Traiteur');
INSERT INTO SOUS_RAYON VALUES('Blanc', 'Vin');
INSERT INTO SOUS_RAYON VALUES('Rose', 'Vin');
INSERT INTO SOUS_RAYON VALUES('Rouge', 'Vin');
INSERT INTO SOUS_RAYON VALUES('Canard', 'Volaille');
INSERT INTO SOUS_RAYON VALUES('Dinde', 'Volaille');
INSERT INTO SOUS_RAYON VALUES('Nuggets', 'Volaille');
INSERT INTO SOUS_RAYON VALUES('Poulet', 'Volaille');

--
-- Dumping data for table SOUS_SOUS_RAYON
--

INSERT INTO SOUS_SOUS_RAYON VALUES('Alsace', 'Blanc');
INSERT INTO SOUS_SOUS_RAYON VALUES('Berry', 'Blanc');
INSERT INTO SOUS_SOUS_RAYON VALUES('Loire', 'Blanc');
INSERT INTO SOUS_SOUS_RAYON VALUES('Frais', 'Jus');
INSERT INTO SOUS_SOUS_RAYON VALUES('Non frais', 'Jus');
INSERT INTO SOUS_SOUS_RAYON VALUES('Smoothies', 'Jus');
INSERT INTO SOUS_SOUS_RAYON VALUES('Languedoc', 'Rose');
INSERT INTO SOUS_SOUS_RAYON VALUES('Provence', 'Rose');
INSERT INTO SOUS_SOUS_RAYON VALUES('Bordelais', 'Rouge');
INSERT INTO SOUS_SOUS_RAYON VALUES('Bourgogne', 'Rouge');

--
-- Dumping data for table SR_P
--

INSERT INTO SR_P VALUES('72224251213598856110', 'Agneau');
INSERT INTO SR_P VALUES('86439191429155545460', 'Agneau');
INSERT INTO SR_P VALUES('75825166891212483150', 'Amande');
INSERT INTO SR_P VALUES('26123158195648968260', 'Aux fruits');
INSERT INTO SR_P VALUES('29192215124317212920', 'Aux fruits');
INSERT INTO SR_P VALUES('66127293465539925570', 'Boeuf');
INSERT INTO SR_P VALUES('74762737319816119120', 'Boeuf');
INSERT INTO SR_P VALUES('25533245649444567280', 'Canard');
INSERT INTO SR_P VALUES('45675166784536541440', 'Canard');
INSERT INTO SR_P VALUES('48369347475269541640', 'Canard');
INSERT INTO SR_P VALUES('91696576668867588130', 'Canard');
INSERT INTO SR_P VALUES('15981158222851799290', 'Cola');
INSERT INTO SR_P VALUES('58752656927199539260', 'Cola');
INSERT INTO SR_P VALUES('82712526934259584480', 'Cola');
INSERT INTO SR_P VALUES('85478671544377391330', 'Cola');
INSERT INTO SR_P VALUES('88146683713992487960', 'Cola');
INSERT INTO SR_P VALUES('25881346415187563440', 'Coquillages');
INSERT INTO SR_P VALUES('34336628199522941910', 'Coquillages');
INSERT INTO SR_P VALUES('48311173325853772460', 'Coquillages');
INSERT INTO SR_P VALUES('56396571529313176970', 'Coquillages');
INSERT INTO SR_P VALUES('57485384936143157140', 'Coquillages');
INSERT INTO SR_P VALUES('98183826576723878460', 'Coquillages');
INSERT INTO SR_P VALUES('12595663421373637890', 'Crustaces');
INSERT INTO SR_P VALUES('18967185498758878940', 'Crustaces');
INSERT INTO SR_P VALUES('31884339279891734180', 'Crustaces');
INSERT INTO SR_P VALUES('46318774679272325370', 'Crustaces');
INSERT INTO SR_P VALUES('52658122127276542920', 'Crustaces');
INSERT INTO SR_P VALUES('52943811873541648840', 'Crustaces');
INSERT INTO SR_P VALUES('61944265811269923270', 'Crustaces');
INSERT INTO SR_P VALUES('91336592847298147220', 'Crustaces');
INSERT INTO SR_P VALUES('15249766367147185360', 'De Source');
INSERT INTO SR_P VALUES('37996537434962145790', 'De Source');
INSERT INTO SR_P VALUES('53541669911558759170', 'De Source');
INSERT INTO SR_P VALUES('67882499755417783610', 'De Source');
INSERT INTO SR_P VALUES('95241889171163596410', 'De Source');
INSERT INTO SR_P VALUES('17844294816252217110', 'Dinde');
INSERT INTO SR_P VALUES('73171613255559112170', 'Dinde');
INSERT INTO SR_P VALUES('51391321241415699710', 'Energisant');
INSERT INTO SR_P VALUES('72128294939678486770', 'Energisant');
INSERT INTO SR_P VALUES('74674588277447489130', 'Energisant');
INSERT INTO SR_P VALUES('79991275163873781310', 'Energisant');
INSERT INTO SR_P VALUES('82989169974591697130', 'Energisant');
INSERT INTO SR_P VALUES('94952375997495484420', 'Energisant');
INSERT INTO SR_P VALUES('97741544254848135210', 'Energisant');
INSERT INTO SR_P VALUES('98694586189345949940', 'Energisant');
INSERT INTO SR_P VALUES('13655334891411833320', 'Filets');
INSERT INTO SR_P VALUES('18712774366744264210', 'Filets');
INSERT INTO SR_P VALUES('38227748662858183660', 'Filets');
INSERT INTO SR_P VALUES('56832875623486479260', 'Filets');
INSERT INTO SR_P VALUES('66964126219637877980', 'Filets');
INSERT INTO SR_P VALUES('94197677147836393770', 'Filets');
INSERT INTO SR_P VALUES('94451388697373459760', 'Filets');
INSERT INTO SR_P VALUES('97186918355826742750', 'Filets');
INSERT INTO SR_P VALUES('13871442115845312880', 'Fruits frais');
INSERT INTO SR_P VALUES('18575513674596814690', 'Fruits frais');
INSERT INTO SR_P VALUES('22889779227664521840', 'Fruits frais');
INSERT INTO SR_P VALUES('26588416159881774440', 'Fruits frais');
INSERT INTO SR_P VALUES('27958316451723556170', 'Fruits frais');
INSERT INTO SR_P VALUES('37494487994761893530', 'Fruits frais');
INSERT INTO SR_P VALUES('58923635817423159250', 'Fruits frais');
INSERT INTO SR_P VALUES('71796733219182667130', 'Fruits frais');
INSERT INTO SR_P VALUES('84877749522918668570', 'Fruits frais');
INSERT INTO SR_P VALUES('93845245118826127460', 'Fruits frais');
INSERT INTO SR_P VALUES('15748555183839825130', 'Fruits secs');
INSERT INTO SR_P VALUES('16468144999767938740', 'Fruits secs');
INSERT INTO SR_P VALUES('17744113973361528860', 'Fruits secs');
INSERT INTO SR_P VALUES('36524987454344759440', 'Fruits secs');
INSERT INTO SR_P VALUES('53925715834364122370', 'Fruits secs');
INSERT INTO SR_P VALUES('66657731265291943110', 'Fruits secs');
INSERT INTO SR_P VALUES('81162625379551893160', 'Fruits secs');
INSERT INTO SR_P VALUES('86733946751593613130', 'Fruits secs');
INSERT INTO SR_P VALUES('28733673225854935130', 'Gin');
INSERT INTO SR_P VALUES('46527362683768873150', 'Gin');
INSERT INTO SR_P VALUES('84487592431575385570', 'Gin');
INSERT INTO SR_P VALUES('97381324768816222270', 'Gin');
INSERT INTO SR_P VALUES('22667271672289757640', 'Legumes');
INSERT INTO SR_P VALUES('24315421697869581340', 'Legumes');
INSERT INTO SR_P VALUES('31842113177415335650', 'Legumes');
INSERT INTO SR_P VALUES('33632869977525442240', 'Legumes');
INSERT INTO SR_P VALUES('51759463753578969760', 'Legumes');
INSERT INTO SR_P VALUES('69364755368882652210', 'Legumes');
INSERT INTO SR_P VALUES('71475773282445228440', 'Legumes');
INSERT INTO SR_P VALUES('76248269842888866810', 'Legumes');
INSERT INTO SR_P VALUES('45724816696569733280', 'Magnesienne');
INSERT INTO SR_P VALUES('47553775341743341970', 'Magnesienne');
INSERT INTO SR_P VALUES('55585375131458471620', 'Magnesienne');
INSERT INTO SR_P VALUES('81933741867528218540', 'Magnesienne');
INSERT INTO SR_P VALUES('93326698831852797630', 'Magnesienne');
INSERT INTO SR_P VALUES('21754578879935327160', 'Minerales');
INSERT INTO SR_P VALUES('47869284118977154770', 'Minerales');
INSERT INTO SR_P VALUES('66149793187885294960', 'Minerales');
INSERT INTO SR_P VALUES('79391435246114222240', 'Minerales');
INSERT INTO SR_P VALUES('88155938395572887670', 'Minerales');
INSERT INTO SR_P VALUES('98751936272455835690', 'Minerales');
INSERT INTO SR_P VALUES('56772968617993855110', 'Nuggets');
INSERT INTO SR_P VALUES('69746915252799358980', 'Nuggets');
INSERT INTO SR_P VALUES('29288771468785325720', 'Porc');
INSERT INTO SR_P VALUES('42849959664246587490', 'Porc');
INSERT INTO SR_P VALUES('78699659718318273440', 'Porc');
INSERT INTO SR_P VALUES('28221571636125289590', 'Poulet');
INSERT INTO SR_P VALUES('28546892886951542410', 'Poulet');
INSERT INTO SR_P VALUES('59639784599515587970', 'Poulet');
INSERT INTO SR_P VALUES('39772264698312275360', 'Salades Sachet');
INSERT INTO SR_P VALUES('64748423289518965370', 'Salades Sachet');
INSERT INTO SR_P VALUES('72318899586849687460', 'Salades Sachet');
INSERT INTO SR_P VALUES('72733182754592683270', 'Salades Sachet');
INSERT INTO SR_P VALUES('84691758143332488140', 'Salades Sachet');
INSERT INTO SR_P VALUES('87373936542751893690', 'Salades Sachet');
INSERT INTO SR_P VALUES('93869961489848319790', 'Salades Sachet');
INSERT INTO SR_P VALUES('28262241277148475370', 'Soja');
INSERT INTO SR_P VALUES('85866313863556189410', 'Soja');
INSERT INTO SR_P VALUES('26634257219355513430', 'Soupes');
INSERT INTO SR_P VALUES('29799789647654981410', 'Soupes');
INSERT INTO SR_P VALUES('46173535443645898350', 'Soupes');
INSERT INTO SR_P VALUES('77662353456562847720', 'Soupes');
INSERT INTO SR_P VALUES('89216193855921115620', 'Soupes');
INSERT INTO SR_P VALUES('95886387199146974910', 'Soupes');
INSERT INTO SR_P VALUES('43482342874668476950', 'Vache');
INSERT INTO SR_P VALUES('57181266343579497730', 'Vache');
INSERT INTO SR_P VALUES('94866522777314237670', 'Vache');
INSERT INTO SR_P VALUES('55944353418824169380', 'Veau');
INSERT INTO SR_P VALUES('78924572591589168530', 'Veau');
INSERT INTO SR_P VALUES('17237946682357619330', 'Vodka');
INSERT INTO SR_P VALUES('27815138666342679320', 'Vodka');
INSERT INTO SR_P VALUES('82186834888916698930', 'Vodka');
INSERT INTO SR_P VALUES('66142265557272782150', 'Whisky');
INSERT INTO SR_P VALUES('85447642195769724820', 'Whisky');
INSERT INTO SR_P VALUES('96948795811125162970', 'Whisky');

--
-- Dumping data for table SSR_P
--

INSERT INTO SSR_P VALUES('16656114326835973980', 'Alsace');
INSERT INTO SSR_P VALUES('37979192476283927210', 'Alsace');
INSERT INTO SSR_P VALUES('62497359996972185360', 'Alsace');
INSERT INTO SSR_P VALUES('72613857395882631890', 'Alsace');
INSERT INTO SSR_P VALUES('87926248535423499180', 'Alsace');
INSERT INTO SSR_P VALUES('27658557555316214910', 'Berry');
INSERT INTO SSR_P VALUES('59997284537649351540', 'Berry');
INSERT INTO SSR_P VALUES('75659345374746874380', 'Berry');
INSERT INTO SSR_P VALUES('92769187466395949860', 'Berry');
INSERT INTO SSR_P VALUES('99115193573764198610', 'Berry');
INSERT INTO SSR_P VALUES('25448452789519546980', 'Bordelais');
INSERT INTO SSR_P VALUES('27813277788363911140', 'Bordelais');
INSERT INTO SSR_P VALUES('28189825466253953510', 'Bordelais');
INSERT INTO SSR_P VALUES('39788447553971412890', 'Bourgogne');
INSERT INTO SSR_P VALUES('71629911766396578290', 'Bourgogne');
INSERT INTO SSR_P VALUES('84312389894717662480', 'Bourgogne');
INSERT INTO SSR_P VALUES('74499792527638585390', 'Frais');
INSERT INTO SSR_P VALUES('82421941866725369940', 'Frais');
INSERT INTO SSR_P VALUES('87186693451691521240', 'Frais');
INSERT INTO SSR_P VALUES('23734476368392437620', 'Languedoc');
INSERT INTO SSR_P VALUES('37885252433986615560', 'Languedoc');
INSERT INTO SSR_P VALUES('97783328974615472580', 'Languedoc');
INSERT INTO SSR_P VALUES('12431574596446974350', 'Loire');
INSERT INTO SSR_P VALUES('13724343589856724190', 'Loire');
INSERT INTO SSR_P VALUES('44965894427331553140', 'Loire');
INSERT INTO SSR_P VALUES('67965874286533171240', 'Loire');
INSERT INTO SSR_P VALUES('78418279338958636830', 'Loire');
INSERT INTO SSR_P VALUES('15617467141432116590', 'Non frais');
INSERT INTO SSR_P VALUES('17955435619151322820', 'Non frais');
INSERT INTO SSR_P VALUES('29414848349615228420', 'Non frais');
INSERT INTO SSR_P VALUES('36664882316941662860', 'Non frais');
INSERT INTO SSR_P VALUES('58798729157584594480', 'Non frais');
INSERT INTO SSR_P VALUES('34955558424589742580', 'Provence');
INSERT INTO SSR_P VALUES('43358165211665844390', 'Provence');
INSERT INTO SSR_P VALUES('92366391478579124170', 'Provence');
INSERT INTO SSR_P VALUES('26526224997653839790', 'Smoothies');
INSERT INTO SSR_P VALUES('28798441957644728230', 'Smoothies');
INSERT INTO SSR_P VALUES('43965724653746785480', 'Smoothies');
INSERT INTO SSR_P VALUES('62832828147892816340', 'Smoothies');
INSERT INTO SSR_P VALUES('97584933838598412170', 'Smoothies');

--
-- Dumping data for table `PANIER`
--

INSERT INTO `PANIER` VALUES (1117144480,'2017-02-17'),(1223129340,'2017-02-08'),(1318935820,'2017-02-04'),(1434419360,'2017-02-14'),(1534358150,'2017-02-04'),(1544619710,'2017-02-11'),(2189959140,'2017-02-04'),(2427538880,'2017-02-11'),(2483463290,'2017-02-05'),(2876413650,'2017-02-05'),(3161756750,'2017-02-16'),(3372385960,'2017-02-10'),(3599151610,'2017-02-01'),(3682546210,'2017-02-16'),(3778298750,'2017-02-16'),(4114611710,'2017-02-12'),(4218486420,'2017-02-20'),(4367861570,'2017-02-18'),(4481244670,'2017-02-22'),(4817135640,'2017-02-23'),(5193115570,'2017-02-03'),(5332114160,'2017-02-11'),(5636236850,'2017-02-07'),(5841723990,'2017-02-21'),(5879334710,'2017-02-24'),(5912642460,'2017-02-16'),(5937158220,'2017-02-22'),(5942946590,'2017-02-17'),(5971779250,'2017-02-15'),(5981488590,'2017-02-08'),(6112742170,'2017-02-27'),(6177491390,'2017-02-26'),(6254695410,'2017-02-02'),(6275676510,'2017-02-12'),(6315844110,'2017-02-27'),(6364259210,'2017-02-04'),(6777491680,'2017-02-19'),(7331252860,'2017-02-22'),(7432865540,'2017-02-19'),(7523691520,'2017-02-11'),(8188114730,'2017-02-06'),(8538238810,'2017-02-18'),(8588585760,'2017-02-18'),(8871112790,'2017-02-25'),(9445976950,'2017-02-17'),(9575533350,'2017-02-14'),(9671438920,'2017-02-03'),(9682778590,'2017-02-17'),(9712449720,'2017-02-10'),(9794549680,'2017-02-06');

--
-- Dumping data for table `ITEM`
--

INSERT INTO `ITEM` VALUES (1117144480,'18967185498758878940',4),(1117144480,'21754578879935327160',1),(1117144480,'24315421697869581340',10),(1117144480,'25881346415187563440',5),(1117144480,'27813277788363911140',10),(1117144480,'27958316451723556170',4),(1117144480,'28262241277148475370',6),(1117144480,'28798441957644728230',5),(1117144480,'36524987454344759440',7),(1117144480,'43965724653746785480',7),(1117144480,'45724816696569733280',5),(1117144480,'51391321241415699710',7),(1117144480,'52658122127276542920',2),(1117144480,'55944353418824169380',5),(1117144480,'58798729157584594480',2),(1117144480,'59997284537649351540',7),(1117144480,'66657731265291943110',6),(1117144480,'69364755368882652210',10),(1117144480,'69746915252799358980',7),(1117144480,'72318899586849687460',1),(1117144480,'72613857395882631890',9),(1117144480,'73171613255559112170',4),(1117144480,'75659345374746874380',2),(1117144480,'75825166891212483150',10),(1117144480,'79391435246114222240',9),(1117144480,'87186693451691521240',6),(1117144480,'87926248535423499180',2),(1117144480,'88146683713992487960',2),(1117144480,'88155938395572887670',6),(1117144480,'97186918355826742750',10),(1117144480,'99115193573764198610',4),(1223129340,'13724343589856724190',9),(1223129340,'15981158222851799290',4),(1223129340,'16656114326835973980',10),(1223129340,'17844294816252217110',9),(1223129340,'18712774366744264210',6),(1223129340,'18967185498758878940',1),(1223129340,'25448452789519546980',5),(1223129340,'27813277788363911140',3),(1223129340,'27815138666342679320',10),(1223129340,'28221571636125289590',2),(1223129340,'28733673225854935130',5),(1223129340,'33632869977525442240',8),(1223129340,'34336628199522941910',4),(1223129340,'36524987454344759440',1),(1223129340,'36664882316941662860',7),(1223129340,'37494487994761893530',6),(1223129340,'39772264698312275360',10),(1223129340,'42849959664246587490',5),(1223129340,'43358165211665844390',9),(1223129340,'46318774679272325370',3),(1223129340,'51759463753578969760',1),(1223129340,'52658122127276542920',5),(1223129340,'53925715834364122370',7),(1223129340,'56396571529313176970',7),(1223129340,'56772968617993855110',4),(1223129340,'57111196212246157420',1),(1223129340,'58923635817423159250',7),(1223129340,'66142265557272782150',5),(1223129340,'66964126219637877980',2),(1223129340,'67965874286533171240',1),(1223129340,'69223714435824526110',6),(1223129340,'69364755368882652210',1),(1223129340,'69746915252799358980',8),(1223129340,'71475773282445228440',6),(1223129340,'74674588277447489130',3),(1223129340,'75825166891212483150',2),(1223129340,'78924572591589168530',6),(1223129340,'81162625379551893160',7),(1223129340,'81933741867528218540',9),(1223129340,'85447642195769724820',5),(1223129340,'85866313863556189410',1),(1223129340,'86439191429155545460',7),(1223129340,'86733946751593613130',3),(1223129340,'87186693451691521240',9),(1223129340,'87926248535423499180',3),(1223129340,'91336592847298147220',3),(1223129340,'91696576668867588130',3),(1223129340,'94197677147836393770',5),(1223129340,'94451388697373459760',6),(1223129340,'94866522777314237670',5),(1223129340,'98751936272455835690',4),(1318935820,'13871442115845312880',1),(1318935820,'15617467141432116590',2),(1318935820,'15981158222851799290',1),(1318935820,'17844294816252217110',10),(1318935820,'17955435619151322820',5),(1318935820,'18967185498758878940',7),(1318935820,'23734476368392437620',6),(1318935820,'27813277788363911140',9),(1318935820,'27958316451723556170',8),(1318935820,'28262241277148475370',6),(1318935820,'31884339279891734180',9),(1318935820,'36524987454344759440',4),(1318935820,'37996537434962145790',7),(1318935820,'38227748662858183660',7),(1318935820,'39772264698312275360',4),(1318935820,'39788447553971412890',9),(1318935820,'46318774679272325370',5),(1318935820,'48311173325853772460',9),(1318935820,'48369347475269541640',1),(1318935820,'52658122127276542920',10),(1318935820,'57111196212246157420',2),(1318935820,'57181266343579497730',8),(1318935820,'57485384936143157140',7),(1318935820,'66127293465539925570',7),(1318935820,'66149793187885294960',6),(1318935820,'66964126219637877980',8),(1318935820,'69746915252799358980',4),(1318935820,'71475773282445228440',5),(1318935820,'72318899586849687460',8),(1318935820,'76248269842888866810',6),(1318935820,'78924572591589168530',1),(1318935820,'79991275163873781310',4),(1318935820,'82712526934259584480',7),(1318935820,'84312389894717662480',8),(1318935820,'85447642195769724820',3),(1318935820,'86439191429155545460',3),(1318935820,'91696576668867588130',4),(1318935820,'93845245118826127460',5),(1318935820,'94197677147836393770',10),(1318935820,'94866522777314237670',8),(1318935820,'95241889171163596410',1),(1318935820,'95886387199146974910',4),(1318935820,'97186918355826742750',8),(1318935820,'97783328974615472580',10),(1318935820,'98751936272455835690',5),(1434419360,'12431574596446974350',7),(1434419360,'12595663421373637890',6),(1434419360,'15981158222851799290',8),(1434419360,'21754578879935327160',6),(1434419360,'22889779227664521840',2),(1434419360,'26588416159881774440',9),(1434419360,'27815138666342679320',10),(1434419360,'28189825466253953510',10),(1434419360,'28262241277148475370',6),(1434419360,'29414848349615228420',5),(1434419360,'33632869977525442240',1),(1434419360,'36524987454344759440',4),(1434419360,'41847156274954324350',7),(1434419360,'43358165211665844390',4),(1434419360,'43482342874668476950',2),(1434419360,'48311173325853772460',2),(1434419360,'55944353418824169380',9),(1434419360,'56772968617993855110',4),(1434419360,'58923635817423159250',8),(1434419360,'59997284537649351540',9),(1434419360,'62497359996972185360',4),(1434419360,'67882499755417783610',5),(1434419360,'71796733219182667130',10),(1434419360,'72128294939678486770',1),(1434419360,'72318899586849687460',8),(1434419360,'78418279338958636830',9),(1434419360,'79391435246114222240',5),(1434419360,'79991275163873781310',1),(1434419360,'82186834888916698930',7),(1434419360,'82989169974591697130',9),(1434419360,'84487592431575385570',5),(1434419360,'85866313863556189410',6),(1434419360,'87186693451691521240',8),(1434419360,'87373936542751893690',1),(1434419360,'92769187466395949860',3),(1434419360,'93326698831852797630',2),(1434419360,'94197677147836393770',2),(1434419360,'94866522777314237670',9),(1434419360,'94952375997495484420',3),(1434419360,'97584933838598412170',1),(1534358150,'15249766367147185360',4),(1534358150,'15748555183839825130',9),(1534358150,'15981158222851799290',9),(1534358150,'16656114326835973980',9),(1534358150,'17744113973361528860',10),(1534358150,'17955435619151322820',7),(1534358150,'18575513674596814690',5),(1534358150,'21754578879935327160',1),(1534358150,'22667271672289757640',4),(1534358150,'25533245649444567280',2),(1534358150,'27815138666342679320',3),(1534358150,'27958316451723556170',1),(1534358150,'28189825466253953510',7),(1534358150,'29192215124317212920',3),(1534358150,'31842113177415335650',7),(1534358150,'36524987454344759440',2),(1534358150,'36664882316941662860',3),(1534358150,'37996537434962145790',7),(1534358150,'39772264698312275360',2),(1534358150,'43482342874668476950',5),(1534358150,'45675166784536541440',6),(1534358150,'46318774679272325370',1),(1534358150,'46527362683768873150',5),(1534358150,'48369347475269541640',9),(1534358150,'55585375131458471620',7),(1534358150,'57111196212246157420',1),(1534358150,'58752656927199539260',10),(1534358150,'64748423289518965370',3),(1534358150,'66964126219637877980',2),(1534358150,'67882499755417783610',10),(1534358150,'71796733219182667130',8),(1534358150,'72224251213598856110',7),(1534358150,'81162625379551893160',9),(1534358150,'88146683713992487960',5),(1534358150,'91696576668867588130',7),(1534358150,'98183826576723878460',1),(1544619710,'12431574596446974350',8),(1544619710,'13871442115845312880',9),(1544619710,'16468144999767938740',1),(1544619710,'17237946682357619330',3),(1544619710,'18967185498758878940',7),(1544619710,'28798441957644728230',3),(1544619710,'33632869977525442240',5),(1544619710,'43965724653746785480',9),(1544619710,'46318774679272325370',8),(1544619710,'52943811873541648840',8),(1544619710,'53541669911558759170',5),(1544619710,'56832875623486479260',8),(1544619710,'58752656927199539260',7),(1544619710,'59639784599515587970',3),(1544619710,'67965874286533171240',1),(1544619710,'72128294939678486770',6),(1544619710,'72613857395882631890',2),(1544619710,'82712526934259584480',7),(1544619710,'84312389894717662480',5),(1544619710,'84487592431575385570',7),(1544619710,'84691758143332488140',1),(1544619710,'88155938395572887670',10),(1544619710,'92769187466395949860',10),(1544619710,'94197677147836393770',4),(1544619710,'97186918355826742750',2),(1544619710,'98183826576723878460',7),(1544619710,'98751936272455835690',1),(2189959140,'13655334891411833320',10),(2189959140,'22667271672289757640',6),(2189959140,'23734476368392437620',1),(2189959140,'24315421697869581340',4),(2189959140,'28733673225854935130',4),(2189959140,'51391321241415699710',8),(2189959140,'59997284537649351540',7),(2189959140,'64748423289518965370',8),(2189959140,'66964126219637877980',9),(2189959140,'72224251213598856110',10),(2189959140,'72318899586849687460',8),(2189959140,'72613857395882631890',6),(2189959140,'76248269842888866810',4),(2189959140,'81162625379551893160',7),(2189959140,'81933741867528218540',5),(2189959140,'82712526934259584480',8),(2189959140,'87186693451691521240',9),(2189959140,'88146683713992487960',9),(2189959140,'91336592847298147220',4),(2189959140,'95241889171163596410',3),(2427538880,'28221571636125289590',4),(2427538880,'28798441957644728230',5),(2427538880,'37979192476283927210',4),(2427538880,'38227748662858183660',3),(2427538880,'85478671544377391330',4),(2483463290,'12595663421373637890',3),(2483463290,'13655334891411833320',9),(2483463290,'15617467141432116590',10),(2483463290,'16656114326835973980',10),(2483463290,'26588416159881774440',8),(2483463290,'28733673225854935130',1),(2483463290,'29288771468785325720',6),(2483463290,'29799789647654981410',4),(2483463290,'31842113177415335650',8),(2483463290,'34336628199522941910',8),(2483463290,'37494487994761893530',3),(2483463290,'37979192476283927210',4),(2483463290,'39772264698312275360',4),(2483463290,'39788447553971412890',4),(2483463290,'43482342874668476950',3),(2483463290,'45675166784536541440',8),(2483463290,'45724816696569733280',8),(2483463290,'46173535443645898350',8),(2483463290,'46318774679272325370',2),(2483463290,'48311173325853772460',5),(2483463290,'52943811873541648840',9),(2483463290,'56396571529313176970',7),(2483463290,'59639784599515587970',10),(2483463290,'69223714435824526110',5),(2483463290,'71475773282445228440',6),(2483463290,'72128294939678486770',3),(2483463290,'73171613255559112170',2),(2483463290,'74762737319816119120',1),(2483463290,'75659345374746874380',5),(2483463290,'78924572591589168530',6),(2483463290,'82421941866725369940',7),(2483463290,'88155938395572887670',3),(2483463290,'89216193855921115620',9),(2483463290,'92366391478579124170',4),(2876413650,'13871442115845312880',10),(2876413650,'15249766367147185360',3),(2876413650,'15748555183839825130',1),(2876413650,'15981158222851799290',4),(2876413650,'16656114326835973980',10),(2876413650,'17237946682357619330',6),(2876413650,'18575513674596814690',9),(2876413650,'23734476368392437620',6),(2876413650,'26526224997653839790',2),(2876413650,'26634257219355513430',7),(2876413650,'29192215124317212920',10),(2876413650,'29799789647654981410',1),(2876413650,'34336628199522941910',7),(2876413650,'34955558424589742580',1),(2876413650,'37494487994761893530',2),(2876413650,'37885252433986615560',9),(2876413650,'38227748662858183660',5),(2876413650,'39772264698312275360',8),(2876413650,'45724816696569733280',9),(2876413650,'52658122127276542920',10),(2876413650,'55944353418824169380',9),(2876413650,'58798729157584594480',10),(2876413650,'58923635817423159250',5),(2876413650,'59639784599515587970',9),(2876413650,'71796733219182667130',7),(2876413650,'75659345374746874380',4),(2876413650,'75825166891212483150',3),(2876413650,'79991275163873781310',5),(2876413650,'84691758143332488140',2),(2876413650,'88146683713992487960',4),(2876413650,'89216193855921115620',4),(2876413650,'92769187466395949860',2),(3161756750,'12595663421373637890',8),(3161756750,'13724343589856724190',2),(3161756750,'15981158222851799290',9),(3161756750,'17744113973361528860',1),(3161756750,'17844294816252217110',2),(3161756750,'22667271672289757640',5),(3161756750,'24315421697869581340',7),(3161756750,'25448452789519546980',3),(3161756750,'25881346415187563440',2),(3161756750,'26123158195648968260',9),(3161756750,'26526224997653839790',1),(3161756750,'26588416159881774440',4),(3161756750,'27958316451723556170',6),(3161756750,'28221571636125289590',6),(3161756750,'29288771468785325720',1),(3161756750,'29414848349615228420',7),(3161756750,'29799789647654981410',7),(3161756750,'33632869977525442240',4),(3161756750,'34336628199522941910',3),(3161756750,'36524987454344759440',4),(3161756750,'37885252433986615560',9),(3161756750,'37979192476283927210',9),(3161756750,'44965894427331553140',2),(3161756750,'46173535443645898350',6),(3161756750,'51391321241415699710',10),(3161756750,'55585375131458471620',3),(3161756750,'57111196212246157420',1),(3161756750,'58752656927199539260',8),(3161756750,'58923635817423159250',2),(3161756750,'59639784599515587970',10),(3161756750,'62832828147892816340',6),(3161756750,'64748423289518965370',7),(3161756750,'66142265557272782150',10),(3161756750,'66964126219637877980',4),(3161756750,'69364755368882652210',2),(3161756750,'69746915252799358980',7),(3161756750,'71629911766396578290',4),(3161756750,'75825166891212483150',8),(3161756750,'76248269842888866810',3),(3161756750,'79991275163873781310',7),(3161756750,'81933741867528218540',5),(3161756750,'82186834888916698930',8),(3161756750,'82712526934259584480',1),(3161756750,'86733946751593613130',1),(3161756750,'87186693451691521240',3),(3161756750,'87926248535423499180',7),(3161756750,'88146683713992487960',3),(3161756750,'88155938395572887670',8),(3161756750,'97741544254848135210',10),(3161756750,'98751936272455835690',7),(3161756750,'99115193573764198610',5),(3372385960,'15249766367147185360',7),(3372385960,'17844294816252217110',4),(3372385960,'18712774366744264210',4),(3372385960,'25448452789519546980',2),(3372385960,'25881346415187563440',4),(3372385960,'27958316451723556170',4),(3372385960,'31842113177415335650',8),(3372385960,'33632869977525442240',9),(3372385960,'34336628199522941910',7),(3372385960,'37494487994761893530',7),(3372385960,'39772264698312275360',3),(3372385960,'46318774679272325370',10),(3372385960,'47869284118977154770',2),(3372385960,'48311173325853772460',1),(3372385960,'51759463753578969760',8),(3372385960,'52943811873541648840',8),(3372385960,'57111196212246157420',5),(3372385960,'58752656927199539260',5),(3372385960,'58798729157584594480',2),(3372385960,'61944265811269923270',4),(3372385960,'64748423289518965370',3),(3372385960,'69223714435824526110',8),(3372385960,'69364755368882652210',5),(3372385960,'71629911766396578290',10),(3372385960,'72318899586849687460',9),(3372385960,'74499792527638585390',3),(3372385960,'74762737319816119120',8),(3372385960,'77662353456562847720',9),(3372385960,'81162625379551893160',4),(3372385960,'82712526934259584480',10),(3372385960,'84691758143332488140',3),(3372385960,'93845245118826127460',10),(3372385960,'93869961489848319790',1),(3372385960,'95241889171163596410',1),(3372385960,'95886387199146974910',9),(3372385960,'99115193573764198610',6),(3599151610,'17844294816252217110',1),(3599151610,'29414848349615228420',1),(3599151610,'37979192476283927210',5),(3599151610,'39788447553971412890',10),(3599151610,'44965894427331553140',7),(3599151610,'69364755368882652210',4),(3599151610,'72613857395882631890',3),(3599151610,'74499792527638585390',5),(3599151610,'78699659718318273440',8),(3682546210,'17744113973361528860',10),(3682546210,'28189825466253953510',9),(3682546210,'29799789647654981410',5),(3682546210,'39788447553971412890',1),(3682546210,'42849959664246587490',3),(3682546210,'45724816696569733280',6),(3682546210,'46173535443645898350',2),(3682546210,'48369347475269541640',7),(3682546210,'56832875623486479260',2),(3682546210,'58923635817423159250',1),(3682546210,'69223714435824526110',7),(3682546210,'71629911766396578290',10),(3682546210,'74762737319816119120',9),(3682546210,'84691758143332488140',2),(3682546210,'91336592847298147220',2),(3778298750,'13871442115845312880',2),(3778298750,'17237946682357619330',6),(3778298750,'17844294816252217110',7),(3778298750,'18967185498758878940',10),(3778298750,'23734476368392437620',2),(3778298750,'25533245649444567280',8),(3778298750,'26634257219355513430',9),(3778298750,'27658557555316214910',4),(3778298750,'27813277788363911140',2),(3778298750,'27815138666342679320',9),(3778298750,'27958316451723556170',1),(3778298750,'28262241277148475370',5),(3778298750,'28733673225854935130',3),(3778298750,'28798441957644728230',10),(3778298750,'31884339279891734180',9),(3778298750,'37494487994761893530',7),(3778298750,'38227748662858183660',4),(3778298750,'42849959664246587490',8),(3778298750,'47553775341743341970',10),(3778298750,'47869284118977154770',7),(3778298750,'48369347475269541640',3),(3778298750,'51759463753578969760',2),(3778298750,'52658122127276542920',6),(3778298750,'53541669911558759170',8),(3778298750,'55944353418824169380',4),(3778298750,'56772968617993855110',1),(3778298750,'56832875623486479260',2),(3778298750,'57181266343579497730',5),(3778298750,'58923635817423159250',1),(3778298750,'61944265811269923270',5),(3778298750,'66149793187885294960',2),(3778298750,'69364755368882652210',8),(3778298750,'71475773282445228440',9),(3778298750,'72128294939678486770',2),(3778298750,'72613857395882631890',10),(3778298750,'74762737319816119120',10),(3778298750,'75659345374746874380',2),(3778298750,'78418279338958636830',10),(3778298750,'79391435246114222240',8),(3778298750,'81933741867528218540',8),(3778298750,'82989169974591697130',1),(3778298750,'84487592431575385570',1),(3778298750,'85447642195769724820',4),(3778298750,'85478671544377391330',8),(3778298750,'85866313863556189410',5),(3778298750,'87186693451691521240',8),(3778298750,'97381324768816222270',4),(3778298750,'98183826576723878460',4),(4114611710,'12595663421373637890',2),(4114611710,'15748555183839825130',2),(4114611710,'15981158222851799290',8),(4114611710,'17744113973361528860',2),(4114611710,'18575513674596814690',8),(4114611710,'18967185498758878940',5),(4114611710,'24315421697869581340',6),(4114611710,'25881346415187563440',9),(4114611710,'26526224997653839790',5),(4114611710,'28546892886951542410',4),(4114611710,'29414848349615228420',4),(4114611710,'33632869977525442240',8),(4114611710,'34955558424589742580',10),(4114611710,'42849959664246587490',4),(4114611710,'44965894427331553140',7),(4114611710,'45675166784536541440',1),(4114611710,'46318774679272325370',7),(4114611710,'47553775341743341970',8),(4114611710,'47869284118977154770',2),(4114611710,'48369347475269541640',6),(4114611710,'53541669911558759170',10),(4114611710,'58798729157584594480',2),(4114611710,'67882499755417783610',2),(4114611710,'67965874286533171240',7),(4114611710,'69364755368882652210',8),(4114611710,'71796733219182667130',1),(4114611710,'72224251213598856110',8),(4114611710,'72613857395882631890',3),(4114611710,'81162625379551893160',2),(4114611710,'84312389894717662480',6),(4114611710,'84877749522918668570',3),(4114611710,'86439191429155545460',3),(4114611710,'87373936542751893690',5),(4114611710,'88146683713992487960',1),(4114611710,'91336592847298147220',4),(4114611710,'91696576668867588130',10),(4114611710,'92366391478579124170',3),(4114611710,'93845245118826127460',10),(4114611710,'94952375997495484420',1),(4114611710,'95886387199146974910',10),(4114611710,'97741544254848135210',1),(4218486420,'13724343589856724190',3),(4218486420,'22889779227664521840',2),(4218486420,'23734476368392437620',2),(4218486420,'26123158195648968260',6),(4218486420,'27958316451723556170',6),(4218486420,'36524987454344759440',10),(4218486420,'37885252433986615560',8),(4218486420,'43358165211665844390',7),(4218486420,'45675166784536541440',7),(4218486420,'48311173325853772460',9),(4218486420,'58798729157584594480',5),(4218486420,'64748423289518965370',8),(4218486420,'66657731265291943110',7),(4218486420,'67882499755417783610',10),(4218486420,'69364755368882652210',8),(4218486420,'79991275163873781310',2),(4218486420,'82186834888916698930',4),(4218486420,'91336592847298147220',1),(4218486420,'91696576668867588130',5),(4218486420,'97783328974615472580',8),(4367861570,'13655334891411833320',9),(4367861570,'13871442115845312880',5),(4367861570,'15617467141432116590',8),(4367861570,'16468144999767938740',4),(4367861570,'16656114326835973980',6),(4367861570,'17237946682357619330',8),(4367861570,'22667271672289757640',6),(4367861570,'22889779227664521840',2),(4367861570,'25448452789519546980',2),(4367861570,'26588416159881774440',3),(4367861570,'36524987454344759440',7),(4367861570,'37979192476283927210',7),(4367861570,'37996537434962145790',6),(4367861570,'39772264698312275360',6),(4367861570,'45724816696569733280',7),(4367861570,'46527362683768873150',3),(4367861570,'48311173325853772460',6),(4367861570,'56396571529313176970',9),(4367861570,'56832875623486479260',3),(4367861570,'57485384936143157140',6),(4367861570,'58752656927199539260',2),(4367861570,'59639784599515587970',10),(4367861570,'62832828147892816340',9),(4367861570,'69364755368882652210',1),(4367861570,'69746915252799358980',3),(4367861570,'71796733219182667130',4),(4367861570,'72224251213598856110',1),(4367861570,'73171613255559112170',5),(4367861570,'74499792527638585390',9),(4367861570,'74674588277447489130',3),(4367861570,'75659345374746874380',4),(4367861570,'75825166891212483150',10),(4367861570,'76248269842888866810',7),(4367861570,'78418279338958636830',7),(4367861570,'79391435246114222240',6),(4367861570,'86733946751593613130',4),(4367861570,'91696576668867588130',9),(4367861570,'93326698831852797630',1),(4367861570,'93845245118826127460',1),(4367861570,'94866522777314237670',4),(4367861570,'98694586189345949940',2),(4481244670,'13724343589856724190',9),(4481244670,'15748555183839825130',10),(4481244670,'16656114326835973980',4),(4481244670,'17744113973361528860',4),(4481244670,'18575513674596814690',8),(4481244670,'24315421697869581340',4),(4481244670,'25448452789519546980',10),(4481244670,'25533245649444567280',10),(4481244670,'28189825466253953510',7),(4481244670,'28798441957644728230',2),(4481244670,'29414848349615228420',8),(4481244670,'29799789647654981410',8),(4481244670,'39772264698312275360',5),(4481244670,'39788447553971412890',6),(4481244670,'47869284118977154770',4),(4481244670,'51759463753578969760',5),(4481244670,'52658122127276542920',2),(4481244670,'53925715834364122370',5),(4481244670,'55585375131458471620',3),(4481244670,'57485384936143157140',3),(4481244670,'72224251213598856110',7),(4481244670,'74762737319816119120',10),(4481244670,'75659345374746874380',4),(4481244670,'78418279338958636830',10),(4481244670,'79991275163873781310',3),(4481244670,'81162625379551893160',8),(4481244670,'82421941866725369940',1),(4481244670,'82989169974591697130',9),(4481244670,'88155938395572887670',9),(4481244670,'91696576668867588130',2),(4481244670,'92769187466395949860',10),(4481244670,'93869961489848319790',8),(4481244670,'94197677147836393770',6),(4481244670,'95241889171163596410',6),(4481244670,'95886387199146974910',10),(4481244670,'97584933838598412170',1),(4481244670,'97783328974615472580',6),(4481244670,'98183826576723878460',4),(4817135640,'26634257219355513430',6),(4817135640,'47869284118977154770',4),(4817135640,'56832875623486479260',7),(4817135640,'71796733219182667130',9),(4817135640,'72224251213598856110',8),(4817135640,'75825166891212483150',7),(4817135640,'84877749522918668570',2),(4817135640,'85478671544377391330',10),(4817135640,'88155938395572887670',1),(4817135640,'98183826576723878460',3),(5193115570,'12595663421373637890',2),(5193115570,'17744113973361528860',1),(5193115570,'17955435619151322820',3),(5193115570,'22889779227664521840',3),(5193115570,'26526224997653839790',4),(5193115570,'27813277788363911140',3),(5193115570,'28221571636125289590',10),(5193115570,'28733673225854935130',10),(5193115570,'34955558424589742580',6),(5193115570,'37885252433986615560',6),(5193115570,'37996537434962145790',2),(5193115570,'46318774679272325370',1),(5193115570,'48369347475269541640',10),(5193115570,'51759463753578969760',6),(5193115570,'53541669911558759170',10),(5193115570,'58752656927199539260',2),(5193115570,'58923635817423159250',1),(5193115570,'66149793187885294960',4),(5193115570,'66964126219637877980',10),(5193115570,'69364755368882652210',9),(5193115570,'71475773282445228440',10),(5193115570,'71629911766396578290',7),(5193115570,'71796733219182667130',9),(5193115570,'73171613255559112170',10),(5193115570,'77662353456562847720',5),(5193115570,'79391435246114222240',5),(5193115570,'79991275163873781310',5),(5193115570,'84877749522918668570',5),(5193115570,'85478671544377391330',10),(5193115570,'88146683713992487960',3),(5193115570,'89216193855921115620',3),(5193115570,'91336592847298147220',8),(5193115570,'91696576668867588130',8),(5193115570,'93326698831852797630',10),(5193115570,'94197677147836393770',4),(5193115570,'94866522777314237670',1),(5193115570,'97381324768816222270',4),(5193115570,'98183826576723878460',1),(5332114160,'12595663421373637890',8),(5332114160,'15617467141432116590',5),(5332114160,'17844294816252217110',3),(5332114160,'22889779227664521840',8),(5332114160,'25448452789519546980',2),(5332114160,'26123158195648968260',2),(5332114160,'26526224997653839790',2),(5332114160,'27958316451723556170',7),(5332114160,'28189825466253953510',8),(5332114160,'28221571636125289590',6),(5332114160,'28262241277148475370',10),(5332114160,'31884339279891734180',8),(5332114160,'36524987454344759440',6),(5332114160,'36664882316941662860',9),(5332114160,'42849959664246587490',8),(5332114160,'43965724653746785480',2),(5332114160,'44965894427331553140',1),(5332114160,'45724816696569733280',5),(5332114160,'46173535443645898350',10),(5332114160,'48369347475269541640',3),(5332114160,'53925715834364122370',4),(5332114160,'55944353418824169380',5),(5332114160,'56772968617993855110',4),(5332114160,'57111196212246157420',9),(5332114160,'57181266343579497730',10),(5332114160,'59639784599515587970',5),(5332114160,'62497359996972185360',9),(5332114160,'66142265557272782150',2),(5332114160,'66149793187885294960',5),(5332114160,'66657731265291943110',8),(5332114160,'67882499755417783610',5),(5332114160,'69364755368882652210',6),(5332114160,'69746915252799358980',8),(5332114160,'71475773282445228440',9),(5332114160,'71629911766396578290',9),(5332114160,'72613857395882631890',9),(5332114160,'74762737319816119120',8),(5332114160,'77662353456562847720',4),(5332114160,'79991275163873781310',8),(5332114160,'81933741867528218540',10),(5332114160,'82712526934259584480',2),(5332114160,'84691758143332488140',3),(5332114160,'87373936542751893690',10),(5332114160,'87926248535423499180',6),(5332114160,'88155938395572887670',5),(5332114160,'89216193855921115620',10),(5332114160,'91336592847298147220',2),(5332114160,'92769187466395949860',4),(5332114160,'94451388697373459760',3),(5332114160,'97741544254848135210',6),(5636236850,'12595663421373637890',10),(5636236850,'15249766367147185360',9),(5636236850,'15748555183839825130',6),(5636236850,'15981158222851799290',7),(5636236850,'16656114326835973980',9),(5636236850,'17955435619151322820',9),(5636236850,'18712774366744264210',1),(5636236850,'31884339279891734180',9),(5636236850,'37494487994761893530',7),(5636236850,'37885252433986615560',4),(5636236850,'37996537434962145790',9),(5636236850,'38227748662858183660',10),(5636236850,'39772264698312275360',9),(5636236850,'46173535443645898350',3),(5636236850,'47869284118977154770',3),(5636236850,'52658122127276542920',8),(5636236850,'57111196212246157420',7),(5636236850,'71475773282445228440',8),(5636236850,'71796733219182667130',3),(5636236850,'72128294939678486770',6),(5636236850,'72613857395882631890',9),(5636236850,'82421941866725369940',1),(5636236850,'82989169974591697130',1),(5636236850,'84312389894717662480',3),(5636236850,'84487592431575385570',2),(5636236850,'84877749522918668570',6),(5636236850,'85447642195769724820',7),(5636236850,'86733946751593613130',1),(5636236850,'87186693451691521240',5),(5636236850,'88146683713992487960',6),(5636236850,'93326698831852797630',10),(5636236850,'93869961489848319790',3),(5636236850,'94952375997495484420',4),(5636236850,'98751936272455835690',9),(5841723990,'15617467141432116590',2),(5841723990,'15981158222851799290',5),(5841723990,'16468144999767938740',5),(5841723990,'17237946682357619330',1),(5841723990,'17955435619151322820',6),(5841723990,'18575513674596814690',6),(5841723990,'21754578879935327160',6),(5841723990,'22667271672289757640',5),(5841723990,'26123158195648968260',10),(5841723990,'26588416159881774440',2),(5841723990,'27813277788363911140',6),(5841723990,'29288771468785325720',5),(5841723990,'29414848349615228420',4),(5841723990,'31884339279891734180',10),(5841723990,'33632869977525442240',6),(5841723990,'36664882316941662860',6),(5841723990,'37979192476283927210',2),(5841723990,'37996537434962145790',6),(5841723990,'38227748662858183660',10),(5841723990,'39772264698312275360',10),(5841723990,'43358165211665844390',9),(5841723990,'46173535443645898350',10),(5841723990,'46527362683768873150',5),(5841723990,'47553775341743341970',2),(5841723990,'51391321241415699710',2),(5841723990,'51759463753578969760',1),(5841723990,'55585375131458471620',9),(5841723990,'57111196212246157420',10),(5841723990,'58752656927199539260',10),(5841723990,'59639784599515587970',5),(5841723990,'61944265811269923270',8),(5841723990,'62832828147892816340',5),(5841723990,'66149793187885294960',8),(5841723990,'67882499755417783610',7),(5841723990,'69364755368882652210',4),(5841723990,'72224251213598856110',5),(5841723990,'72318899586849687460',4),(5841723990,'78699659718318273440',2),(5841723990,'79391435246114222240',10),(5841723990,'79991275163873781310',10),(5841723990,'82989169974591697130',2),(5841723990,'84487592431575385570',5),(5841723990,'84691758143332488140',2),(5841723990,'85478671544377391330',2),(5841723990,'86439191429155545460',2),(5841723990,'87373936542751893690',3),(5841723990,'91336592847298147220',1),(5841723990,'91696576668867588130',8),(5841723990,'93845245118826127460',6),(5841723990,'94451388697373459760',8),(5841723990,'95241889171163596410',8),(5841723990,'95886387199146974910',3),(5841723990,'96948795811125162970',6),(5841723990,'97741544254848135210',7),(5841723990,'99115193573764198610',2),(5879334710,'12595663421373637890',1),(5879334710,'13655334891411833320',8),(5879334710,'13871442115845312880',6),(5879334710,'16656114326835973980',8),(5879334710,'17237946682357619330',9),(5879334710,'17744113973361528860',9),(5879334710,'17844294816252217110',5),(5879334710,'22889779227664521840',3),(5879334710,'26123158195648968260',9),(5879334710,'28189825466253953510',1),(5879334710,'28262241277148475370',6),(5879334710,'28546892886951542410',6),(5879334710,'28733673225854935130',9),(5879334710,'29288771468785325720',6),(5879334710,'31842113177415335650',7),(5879334710,'31884339279891734180',9),(5879334710,'34955558424589742580',8),(5879334710,'38227748662858183660',8),(5879334710,'39772264698312275360',1),(5879334710,'39788447553971412890',8),(5879334710,'42849959664246587490',8),(5879334710,'43482342874668476950',10),(5879334710,'45724816696569733280',5),(5879334710,'46318774679272325370',7),(5879334710,'47553775341743341970',8),(5879334710,'51759463753578969760',1),(5879334710,'52658122127276542920',6),(5879334710,'52943811873541648840',4),(5879334710,'57111196212246157420',6),(5879334710,'58752656927199539260',7),(5879334710,'59997284537649351540',9),(5879334710,'66127293465539925570',6),(5879334710,'66149793187885294960',8),(5879334710,'66964126219637877980',10),(5879334710,'69364755368882652210',1),(5879334710,'71475773282445228440',10),(5879334710,'71796733219182667130',8),(5879334710,'72613857395882631890',8),(5879334710,'74762737319816119120',2),(5879334710,'75825166891212483150',1),(5879334710,'76248269842888866810',8),(5879334710,'78699659718318273440',3),(5879334710,'78924572591589168530',6),(5879334710,'79391435246114222240',7),(5879334710,'82186834888916698930',2),(5879334710,'82712526934259584480',6),(5879334710,'84487592431575385570',6),(5879334710,'84877749522918668570',3),(5879334710,'86733946751593613130',3),(5879334710,'91696576668867588130',2),(5879334710,'93326698831852797630',8),(5879334710,'93869961489848319790',6),(5879334710,'97186918355826742750',7),(5879334710,'98694586189345949940',7),(5912642460,'12431574596446974350',7),(5912642460,'13871442115845312880',8),(5912642460,'15981158222851799290',1),(5912642460,'16468144999767938740',1),(5912642460,'16656114326835973980',9),(5912642460,'18967185498758878940',9),(5912642460,'22889779227664521840',10),(5912642460,'24315421697869581340',10),(5912642460,'25533245649444567280',10),(5912642460,'25881346415187563440',10),(5912642460,'26634257219355513430',6),(5912642460,'27813277788363911140',2),(5912642460,'27958316451723556170',1),(5912642460,'28189825466253953510',6),(5912642460,'28733673225854935130',4),(5912642460,'29288771468785325720',9),(5912642460,'29799789647654981410',6),(5912642460,'34955558424589742580',10),(5912642460,'36664882316941662860',1),(5912642460,'39772264698312275360',10),(5912642460,'43358165211665844390',3),(5912642460,'44965894427331553140',2),(5912642460,'46318774679272325370',5),(5912642460,'46527362683768873150',2),(5912642460,'47869284118977154770',5),(5912642460,'51759463753578969760',5),(5912642460,'52943811873541648840',8),(5912642460,'53541669911558759170',7),(5912642460,'55944353418824169380',4),(5912642460,'56772968617993855110',6),(5912642460,'57111196212246157420',7),(5912642460,'57181266343579497730',7),(5912642460,'61944265811269923270',8),(5912642460,'62832828147892816340',3),(5912642460,'64748423289518965370',7),(5912642460,'66127293465539925570',3),(5912642460,'69746915252799358980',5),(5912642460,'71629911766396578290',6),(5912642460,'72224251213598856110',5),(5912642460,'74674588277447489130',10),(5912642460,'74762737319816119120',4),(5912642460,'76248269842888866810',7),(5912642460,'77662353456562847720',5),(5912642460,'81933741867528218540',6),(5912642460,'82186834888916698930',4),(5912642460,'84691758143332488140',2),(5912642460,'85447642195769724820',2),(5912642460,'87926248535423499180',4),(5912642460,'88146683713992487960',5),(5912642460,'91336592847298147220',1),(5912642460,'93326698831852797630',9),(5912642460,'94197677147836393770',6),(5912642460,'94952375997495484420',2),(5912642460,'95241889171163596410',9),(5912642460,'96948795811125162970',8),(5912642460,'97186918355826742750',5),(5912642460,'98183826576723878460',5),(5912642460,'98694586189345949940',8),(5937158220,'15981158222851799290',5),(5937158220,'18967185498758878940',10),(5937158220,'23734476368392437620',4),(5937158220,'26526224997653839790',2),(5937158220,'26588416159881774440',10),(5937158220,'28221571636125289590',7),(5937158220,'29192215124317212920',7),(5937158220,'34955558424589742580',3),(5937158220,'37494487994761893530',9),(5937158220,'39772264698312275360',2),(5937158220,'41847156274954324350',8),(5937158220,'43482342874668476950',9),(5937158220,'52658122127276542920',5),(5937158220,'52943811873541648840',7),(5937158220,'56772968617993855110',3),(5937158220,'57485384936143157140',1),(5937158220,'59997284537649351540',1),(5937158220,'62832828147892816340',7),(5937158220,'64748423289518965370',10),(5937158220,'66964126219637877980',6),(5937158220,'71475773282445228440',5),(5937158220,'71629911766396578290',8),(5937158220,'72613857395882631890',8),(5937158220,'73171613255559112170',3),(5937158220,'76248269842888866810',9),(5937158220,'79991275163873781310',3),(5937158220,'81933741867528218540',3),(5937158220,'86733946751593613130',7),(5937158220,'87186693451691521240',8),(5937158220,'93845245118826127460',9),(5937158220,'95886387199146974910',3),(5937158220,'97186918355826742750',4),(5937158220,'98183826576723878460',9),(5942946590,'12431574596446974350',1),(5942946590,'13724343589856724190',10),(5942946590,'13871442115845312880',9),(5942946590,'17955435619151322820',7),(5942946590,'18712774366744264210',8),(5942946590,'22889779227664521840',2),(5942946590,'26588416159881774440',9),(5942946590,'27815138666342679320',2),(5942946590,'28262241277148475370',3),(5942946590,'31842113177415335650',1),(5942946590,'33632869977525442240',6),(5942946590,'34955558424589742580',2),(5942946590,'36524987454344759440',6),(5942946590,'36664882316941662860',6),(5942946590,'42849959664246587490',9),(5942946590,'45675166784536541440',5),(5942946590,'46318774679272325370',1),(5942946590,'46527362683768873150',9),(5942946590,'47869284118977154770',3),(5942946590,'48311173325853772460',7),(5942946590,'52943811873541648840',8),(5942946590,'55585375131458471620',1),(5942946590,'57111196212246157420',9),(5942946590,'58752656927199539260',6),(5942946590,'58798729157584594480',8),(5942946590,'59997284537649351540',8),(5942946590,'66964126219637877980',5),(5942946590,'69223714435824526110',9),(5942946590,'69364755368882652210',7),(5942946590,'72224251213598856110',4),(5942946590,'74762737319816119120',10),(5942946590,'75659345374746874380',7),(5942946590,'77662353456562847720',6),(5942946590,'78418279338958636830',10),(5942946590,'78699659718318273440',7),(5942946590,'81162625379551893160',2),(5942946590,'82989169974591697130',5),(5942946590,'84487592431575385570',10),(5942946590,'84691758143332488140',6),(5942946590,'91336592847298147220',2),(5942946590,'92366391478579124170',1),(5942946590,'93326698831852797630',3),(5942946590,'95241889171163596410',5),(5942946590,'97381324768816222270',4),(5942946590,'97783328974615472580',7),(5942946590,'99115193573764198610',1),(5971779250,'12431574596446974350',9),(5971779250,'12595663421373637890',8),(5971779250,'15249766367147185360',3),(5971779250,'17955435619151322820',8),(5971779250,'18712774366744264210',3),(5971779250,'28221571636125289590',1),(5971779250,'28546892886951542410',7),(5971779250,'28798441957644728230',3),(5971779250,'29192215124317212920',7),(5971779250,'29799789647654981410',1),(5971779250,'36664882316941662860',8),(5971779250,'44965894427331553140',4),(5971779250,'55944353418824169380',3),(5971779250,'56772968617993855110',2),(5971779250,'66127293465539925570',5),(5971779250,'75659345374746874380',1),(5971779250,'78418279338958636830',6),(5971779250,'92769187466395949860',7),(5971779250,'93869961489848319790',3),(5971779250,'94451388697373459760',2),(5971779250,'94866522777314237670',8),(5971779250,'97584933838598412170',10),(5981488590,'17744113973361528860',7),(5981488590,'26123158195648968260',4),(5981488590,'26634257219355513430',1),(5981488590,'27658557555316214910',8),(5981488590,'29288771468785325720',2),(5981488590,'29799789647654981410',7),(5981488590,'31842113177415335650',8),(5981488590,'39788447553971412890',7),(5981488590,'45675166784536541440',2),(5981488590,'47553775341743341970',9),(5981488590,'47869284118977154770',6),(5981488590,'51759463753578969760',10),(5981488590,'56396571529313176970',9),(5981488590,'58752656927199539260',9),(5981488590,'61944265811269923270',3),(5981488590,'62832828147892816340',7),(5981488590,'66657731265291943110',10),(5981488590,'72613857395882631890',1),(5981488590,'74762737319816119120',7),(5981488590,'76248269842888866810',6),(5981488590,'79391435246114222240',3),(5981488590,'84487592431575385570',5),(5981488590,'86733946751593613130',2),(5981488590,'89216193855921115620',8),(5981488590,'91336592847298147220',9),(5981488590,'95241889171163596410',1),(5981488590,'97741544254848135210',2),(6112742170,'17844294816252217110',3),(6112742170,'25533245649444567280',9),(6112742170,'27813277788363911140',5),(6112742170,'28546892886951542410',1),(6112742170,'29192215124317212920',2),(6112742170,'37979192476283927210',9),(6112742170,'59997284537649351540',7),(6112742170,'64748423289518965370',7),(6112742170,'72224251213598856110',1),(6112742170,'81933741867528218540',2),(6112742170,'92366391478579124170',9),(6112742170,'94451388697373459760',5),(6112742170,'98183826576723878460',4),(6177491390,'37979192476283927210',5),(6177491390,'56772968617993855110',8),(6177491390,'76248269842888866810',9),(6177491390,'98694586189345949940',9),(6254695410,'12595663421373637890',10),(6254695410,'13871442115845312880',10),(6254695410,'15249766367147185360',1),(6254695410,'15748555183839825130',1),(6254695410,'16468144999767938740',10),(6254695410,'16656114326835973980',9),(6254695410,'18575513674596814690',6),(6254695410,'21754578879935327160',7),(6254695410,'24315421697869581340',7),(6254695410,'25533245649444567280',6),(6254695410,'27958316451723556170',8),(6254695410,'28221571636125289590',8),(6254695410,'34336628199522941910',9),(6254695410,'34955558424589742580',10),(6254695410,'36524987454344759440',3),(6254695410,'36664882316941662860',3),(6254695410,'37885252433986615560',7),(6254695410,'37979192476283927210',8),(6254695410,'37996537434962145790',6),(6254695410,'41847156274954324350',3),(6254695410,'42849959664246587490',9),(6254695410,'43482342874668476950',3),(6254695410,'44965894427331553140',5),(6254695410,'46527362683768873150',2),(6254695410,'47869284118977154770',1),(6254695410,'48369347475269541640',10),(6254695410,'51759463753578969760',10),(6254695410,'53541669911558759170',2),(6254695410,'55585375131458471620',3),(6254695410,'55944353418824169380',1),(6254695410,'56396571529313176970',10),(6254695410,'56832875623486479260',5),(6254695410,'57111196212246157420',3),(6254695410,'59997284537649351540',1),(6254695410,'64748423289518965370',10),(6254695410,'66142265557272782150',10),(6254695410,'69223714435824526110',3),(6254695410,'71475773282445228440',7),(6254695410,'71796733219182667130',7),(6254695410,'73171613255559112170',7),(6254695410,'74499792527638585390',4),(6254695410,'75659345374746874380',7),(6254695410,'81162625379551893160',3),(6254695410,'84691758143332488140',6),(6254695410,'84877749522918668570',3),(6254695410,'87186693451691521240',4),(6254695410,'88146683713992487960',5),(6254695410,'88155938395572887670',8),(6254695410,'93845245118826127460',1),(6254695410,'93869961489848319790',10),(6254695410,'94866522777314237670',5),(6254695410,'96948795811125162970',10),(6254695410,'97783328974615472580',2),(6275676510,'12595663421373637890',6),(6275676510,'15981158222851799290',7),(6275676510,'22889779227664521840',5),(6275676510,'25448452789519546980',3),(6275676510,'27813277788363911140',7),(6275676510,'27815138666342679320',3),(6275676510,'28733673225854935130',4),(6275676510,'28798441957644728230',10),(6275676510,'29288771468785325720',7),(6275676510,'29799789647654981410',5),(6275676510,'33632869977525442240',6),(6275676510,'36664882316941662860',8),(6275676510,'37979192476283927210',10),(6275676510,'38227748662858183660',3),(6275676510,'39788447553971412890',3),(6275676510,'43358165211665844390',4),(6275676510,'44965894427331553140',5),(6275676510,'45675166784536541440',10),(6275676510,'46318774679272325370',1),(6275676510,'52658122127276542920',2),(6275676510,'53925715834364122370',3),(6275676510,'55585375131458471620',3),(6275676510,'56396571529313176970',2),(6275676510,'58798729157584594480',2),(6275676510,'59997284537649351540',6),(6275676510,'66142265557272782150',4),(6275676510,'66657731265291943110',4),(6275676510,'72128294939678486770',8),(6275676510,'72613857395882631890',7),(6275676510,'73171613255559112170',7),(6275676510,'74499792527638585390',4),(6275676510,'74674588277447489130',2),(6275676510,'74762737319816119120',3),(6275676510,'77662353456562847720',9),(6275676510,'78699659718318273440',6),(6275676510,'78924572591589168530',10),(6275676510,'79391435246114222240',1),(6275676510,'81933741867528218540',9),(6275676510,'82186834888916698930',10),(6275676510,'82421941866725369940',8),(6275676510,'82712526934259584480',3),(6275676510,'82989169974591697130',2),(6275676510,'84487592431575385570',7),(6275676510,'84691758143332488140',2),(6275676510,'85478671544377391330',1),(6275676510,'85866313863556189410',9),(6275676510,'86439191429155545460',8),(6275676510,'86733946751593613130',1),(6275676510,'87926248535423499180',1),(6275676510,'88155938395572887670',7),(6275676510,'89216193855921115620',6),(6275676510,'91696576668867588130',8),(6275676510,'92366391478579124170',4),(6275676510,'93845245118826127460',1),(6275676510,'94952375997495484420',10),(6275676510,'97741544254848135210',10),(6275676510,'97783328974615472580',3),(6275676510,'98751936272455835690',9),(6315844110,'12595663421373637890',2),(6315844110,'13724343589856724190',2),(6315844110,'15249766367147185360',2),(6315844110,'16468144999767938740',3),(6315844110,'16656114326835973980',5),(6315844110,'17844294816252217110',4),(6315844110,'17955435619151322820',3),(6315844110,'21754578879935327160',8),(6315844110,'22667271672289757640',10),(6315844110,'26634257219355513430',6),(6315844110,'27658557555316214910',4),(6315844110,'27813277788363911140',9),(6315844110,'28262241277148475370',10),(6315844110,'29192215124317212920',10),(6315844110,'31842113177415335650',4),(6315844110,'33632869977525442240',6),(6315844110,'34955558424589742580',9),(6315844110,'36664882316941662860',5),(6315844110,'37494487994761893530',10),(6315844110,'41847156274954324350',8),(6315844110,'51759463753578969760',8),(6315844110,'52658122127276542920',7),(6315844110,'53541669911558759170',8),(6315844110,'55585375131458471620',3),(6315844110,'56772968617993855110',2),(6315844110,'56832875623486479260',4),(6315844110,'57181266343579497730',2),(6315844110,'57485384936143157140',5),(6315844110,'58752656927199539260',5),(6315844110,'58798729157584594480',8),(6315844110,'59639784599515587970',2),(6315844110,'62497359996972185360',5),(6315844110,'69364755368882652210',3),(6315844110,'72128294939678486770',10),(6315844110,'72224251213598856110',5),(6315844110,'72613857395882631890',3),(6315844110,'73171613255559112170',2),(6315844110,'76248269842888866810',4),(6315844110,'81933741867528218540',1),(6315844110,'82186834888916698930',7),(6315844110,'82712526934259584480',2),(6315844110,'84691758143332488140',4),(6315844110,'84877749522918668570',4),(6315844110,'85478671544377391330',10),(6315844110,'91336592847298147220',5),(6315844110,'95886387199146974910',9),(6315844110,'96948795811125162970',7),(6315844110,'97584933838598412170',5),(6315844110,'97741544254848135210',7),(6315844110,'97783328974615472580',2),(6315844110,'98694586189345949940',1),(6364259210,'12595663421373637890',10),(6364259210,'13655334891411833320',8),(6364259210,'15981158222851799290',3),(6364259210,'16656114326835973980',9),(6364259210,'18712774366744264210',7),(6364259210,'24315421697869581340',5),(6364259210,'25533245649444567280',8),(6364259210,'26526224997653839790',9),(6364259210,'26634257219355513430',8),(6364259210,'27815138666342679320',10),(6364259210,'28189825466253953510',8),(6364259210,'28221571636125289590',2),(6364259210,'28262241277148475370',5),(6364259210,'28546892886951542410',6),(6364259210,'28733673225854935130',9),(6364259210,'29288771468785325720',10),(6364259210,'31884339279891734180',10),(6364259210,'34336628199522941910',8),(6364259210,'36664882316941662860',2),(6364259210,'37494487994761893530',2),(6364259210,'43965724653746785480',7),(6364259210,'46173535443645898350',3),(6364259210,'46527362683768873150',4),(6364259210,'53541669911558759170',7),(6364259210,'56396571529313176970',1),(6364259210,'57485384936143157140',3),(6364259210,'58752656927199539260',9),(6364259210,'58798729157584594480',9),(6364259210,'66142265557272782150',3),(6364259210,'72318899586849687460',1),(6364259210,'74499792527638585390',4),(6364259210,'76248269842888866810',1),(6364259210,'77662353456562847720',10),(6364259210,'82989169974591697130',7),(6364259210,'84487592431575385570',5),(6364259210,'85447642195769724820',5),(6364259210,'86439191429155545460',8),(6364259210,'87186693451691521240',9),(6364259210,'89216193855921115620',6),(6364259210,'91336592847298147220',4),(6364259210,'92366391478579124170',5),(6364259210,'92769187466395949860',2),(6364259210,'94952375997495484420',1),(6364259210,'97783328974615472580',5),(6364259210,'98751936272455835690',2),(6777491680,'12595663421373637890',5),(6777491680,'13655334891411833320',1),(6777491680,'13871442115845312880',6),(6777491680,'15249766367147185360',1),(6777491680,'15748555183839825130',4),(6777491680,'16656114326835973980',8),(6777491680,'17237946682357619330',9),(6777491680,'18712774366744264210',2),(6777491680,'22667271672289757640',1),(6777491680,'25448452789519546980',1),(6777491680,'25533245649444567280',3),(6777491680,'25881346415187563440',3),(6777491680,'26123158195648968260',6),(6777491680,'27813277788363911140',7),(6777491680,'28221571636125289590',10),(6777491680,'28798441957644728230',6),(6777491680,'31842113177415335650',7),(6777491680,'31884339279891734180',1),(6777491680,'34955558424589742580',9),(6777491680,'41847156274954324350',4),(6777491680,'43965724653746785480',3),(6777491680,'46318774679272325370',4),(6777491680,'48311173325853772460',9),(6777491680,'57111196212246157420',1),(6777491680,'57181266343579497730',5),(6777491680,'57485384936143157140',2),(6777491680,'69223714435824526110',6),(6777491680,'71475773282445228440',8),(6777491680,'71629911766396578290',1),(6777491680,'82712526934259584480',4),(6777491680,'85478671544377391330',9),(6777491680,'86439191429155545460',6),(6777491680,'86733946751593613130',3),(6777491680,'88146683713992487960',9),(6777491680,'91336592847298147220',3),(6777491680,'91696576668867588130',2),(6777491680,'92769187466395949860',10),(6777491680,'93845245118826127460',6),(6777491680,'94197677147836393770',9),(6777491680,'98183826576723878460',5),(6777491680,'98694586189345949940',1),(6777491680,'98751936272455835690',7),(7331252860,'15249766367147185360',8),(7331252860,'16656114326835973980',4),(7331252860,'17237946682357619330',1),(7331252860,'18712774366744264210',5),(7331252860,'21754578879935327160',10),(7331252860,'22667271672289757640',10),(7331252860,'23734476368392437620',6),(7331252860,'25533245649444567280',9),(7331252860,'29799789647654981410',2),(7331252860,'34336628199522941910',4),(7331252860,'45724816696569733280',5),(7331252860,'52658122127276542920',1),(7331252860,'55585375131458471620',10),(7331252860,'57485384936143157140',5),(7331252860,'59997284537649351540',9),(7331252860,'66142265557272782150',6),(7331252860,'66964126219637877980',3),(7331252860,'67882499755417783610',8),(7331252860,'69364755368882652210',1),(7331252860,'74499792527638585390',8),(7331252860,'74762737319816119120',8),(7331252860,'78418279338958636830',5),(7331252860,'82421941866725369940',8),(7331252860,'84487592431575385570',10),(7331252860,'87926248535423499180',3),(7331252860,'92769187466395949860',8),(7331252860,'97584933838598412170',6),(7432865540,'12595663421373637890',10),(7432865540,'13724343589856724190',5),(7432865540,'13871442115845312880',7),(7432865540,'15249766367147185360',4),(7432865540,'15748555183839825130',4),(7432865540,'17237946682357619330',5),(7432865540,'21754578879935327160',1),(7432865540,'25448452789519546980',8),(7432865540,'26526224997653839790',8),(7432865540,'27815138666342679320',7),(7432865540,'29192215124317212920',10),(7432865540,'29288771468785325720',2),(7432865540,'29799789647654981410',7),(7432865540,'39772264698312275360',10),(7432865540,'42849959664246587490',7),(7432865540,'43358165211665844390',2),(7432865540,'43482342874668476950',9),(7432865540,'47869284118977154770',7),(7432865540,'52658122127276542920',8),(7432865540,'53925715834364122370',2),(7432865540,'56832875623486479260',10),(7432865540,'57485384936143157140',10),(7432865540,'58923635817423159250',7),(7432865540,'59997284537649351540',8),(7432865540,'62497359996972185360',8),(7432865540,'66657731265291943110',2),(7432865540,'69223714435824526110',1),(7432865540,'69746915252799358980',5),(7432865540,'72318899586849687460',10),(7432865540,'72613857395882631890',3),(7432865540,'73171613255559112170',7),(7432865540,'74762737319816119120',8),(7432865540,'78924572591589168530',2),(7432865540,'81933741867528218540',3),(7432865540,'84877749522918668570',1),(7432865540,'86733946751593613130',6),(7432865540,'88146683713992487960',4),(7432865540,'91336592847298147220',8),(7432865540,'91696576668867588130',8),(7432865540,'92769187466395949860',6),(7432865540,'93869961489848319790',10),(7432865540,'95886387199146974910',4),(7432865540,'97783328974615472580',5),(7523691520,'12431574596446974350',5),(7523691520,'13871442115845312880',7),(7523691520,'17237946682357619330',6),(7523691520,'17844294816252217110',1),(7523691520,'18967185498758878940',6),(7523691520,'21754578879935327160',2),(7523691520,'22667271672289757640',9),(7523691520,'25533245649444567280',7),(7523691520,'26526224997653839790',5),(7523691520,'26634257219355513430',3),(7523691520,'27958316451723556170',9),(7523691520,'28733673225854935130',1),(7523691520,'29288771468785325720',1),(7523691520,'29799789647654981410',6),(7523691520,'31884339279891734180',6),(7523691520,'46318774679272325370',9),(7523691520,'53541669911558759170',3),(7523691520,'55944353418824169380',4),(7523691520,'57111196212246157420',9),(7523691520,'59639784599515587970',5),(7523691520,'61944265811269923270',9),(7523691520,'69223714435824526110',2),(7523691520,'69364755368882652210',1),(7523691520,'71629911766396578290',4),(7523691520,'72224251213598856110',8),(7523691520,'74499792527638585390',2),(7523691520,'74674588277447489130',8),(7523691520,'78699659718318273440',6),(7523691520,'78924572591589168530',7),(7523691520,'79991275163873781310',1),(7523691520,'81162625379551893160',7),(7523691520,'82989169974591697130',4),(7523691520,'86439191429155545460',5),(7523691520,'87186693451691521240',2),(7523691520,'87373936542751893690',7),(7523691520,'92769187466395949860',10),(7523691520,'94451388697373459760',4),(7523691520,'95886387199146974910',5),(7523691520,'97741544254848135210',5),(7523691520,'98183826576723878460',10),(7523691520,'98751936272455835690',5),(8188114730,'15249766367147185360',7),(8188114730,'15617467141432116590',8),(8188114730,'16656114326835973980',9),(8188114730,'17955435619151322820',6),(8188114730,'18967185498758878940',8),(8188114730,'22889779227664521840',8),(8188114730,'27658557555316214910',5),(8188114730,'27813277788363911140',5),(8188114730,'27815138666342679320',6),(8188114730,'31842113177415335650',2),(8188114730,'36664882316941662860',9),(8188114730,'39788447553971412890',8),(8188114730,'43965724653746785480',6),(8188114730,'44965894427331553140',7),(8188114730,'45675166784536541440',3),(8188114730,'52658122127276542920',9),(8188114730,'56772968617993855110',9),(8188114730,'57111196212246157420',4),(8188114730,'57181266343579497730',9),(8188114730,'57485384936143157140',3),(8188114730,'58752656927199539260',1),(8188114730,'58923635817423159250',8),(8188114730,'66964126219637877980',3),(8188114730,'67882499755417783610',4),(8188114730,'72224251213598856110',6),(8188114730,'72318899586849687460',3),(8188114730,'75659345374746874380',5),(8188114730,'78924572591589168530',7),(8188114730,'82421941866725369940',6),(8188114730,'82989169974591697130',10),(8188114730,'87926248535423499180',10),(8188114730,'92769187466395949860',6),(8188114730,'94866522777314237670',3),(8188114730,'94952375997495484420',7),(8188114730,'97186918355826742750',2),(8188114730,'98183826576723878460',5),(8538238810,'12431574596446974350',6),(8538238810,'13655334891411833320',9),(8538238810,'13724343589856724190',4),(8538238810,'15981158222851799290',7),(8538238810,'16656114326835973980',9),(8538238810,'17744113973361528860',4),(8538238810,'18712774366744264210',8),(8538238810,'22667271672289757640',4),(8538238810,'23734476368392437620',10),(8538238810,'24315421697869581340',5),(8538238810,'26588416159881774440',7),(8538238810,'27658557555316214910',8),(8538238810,'27815138666342679320',2),(8538238810,'28546892886951542410',8),(8538238810,'28733673225854935130',6),(8538238810,'29288771468785325720',3),(8538238810,'31842113177415335650',7),(8538238810,'31884339279891734180',5),(8538238810,'36524987454344759440',10),(8538238810,'36664882316941662860',4),(8538238810,'37494487994761893530',2),(8538238810,'37996537434962145790',4),(8538238810,'43358165211665844390',8),(8538238810,'45675166784536541440',4),(8538238810,'55585375131458471620',1),(8538238810,'55944353418824169380',6),(8538238810,'56396571529313176970',9),(8538238810,'58798729157584594480',7),(8538238810,'58923635817423159250',6),(8538238810,'61944265811269923270',2),(8538238810,'69364755368882652210',10),(8538238810,'72613857395882631890',1),(8538238810,'72733182754592683270',6),(8538238810,'73171613255559112170',10),(8538238810,'75659345374746874380',2),(8538238810,'78699659718318273440',2),(8538238810,'79991275163873781310',9),(8538238810,'84691758143332488140',9),(8538238810,'85447642195769724820',9),(8538238810,'87373936542751893690',10),(8538238810,'92769187466395949860',9),(8538238810,'93326698831852797630',6),(8538238810,'93845245118826127460',9),(8538238810,'94952375997495484420',3),(8538238810,'97186918355826742750',5),(8538238810,'97381324768816222270',8),(8588585760,'12431574596446974350',8),(8588585760,'15249766367147185360',7),(8588585760,'17237946682357619330',8),(8588585760,'18712774366744264210',8),(8588585760,'29288771468785325720',3),(8588585760,'29799789647654981410',4),(8588585760,'36524987454344759440',9),(8588585760,'37885252433986615560',4),(8588585760,'45724816696569733280',9),(8588585760,'46173535443645898350',5),(8588585760,'47869284118977154770',3),(8588585760,'53925715834364122370',6),(8588585760,'57111196212246157420',10),(8588585760,'57181266343579497730',4),(8588585760,'59997284537649351540',5),(8588585760,'64748423289518965370',8),(8588585760,'66127293465539925570',6),(8588585760,'72613857395882631890',2),(8588585760,'75825166891212483150',3),(8588585760,'77662353456562847720',7),(8588585760,'78924572591589168530',7),(8588585760,'79391435246114222240',6),(8588585760,'81162625379551893160',3),(8588585760,'82712526934259584480',10),(8588585760,'86439191429155545460',3),(8588585760,'86733946751593613130',6),(8588585760,'87373936542751893690',8),(8588585760,'92769187466395949860',6),(8588585760,'95241889171163596410',10),(8588585760,'95886387199146974910',6),(8588585760,'98183826576723878460',10),(8871112790,'13724343589856724190',10),(8871112790,'15748555183839825130',6),(8871112790,'16468144999767938740',8),(8871112790,'18575513674596814690',8),(8871112790,'18712774366744264210',2),(8871112790,'24315421697869581340',9),(8871112790,'25881346415187563440',2),(8871112790,'26526224997653839790',8),(8871112790,'27658557555316214910',6),(8871112790,'28546892886951542410',9),(8871112790,'28733673225854935130',9),(8871112790,'33632869977525442240',3),(8871112790,'34955558424589742580',4),(8871112790,'37885252433986615560',4),(8871112790,'38227748662858183660',10),(8871112790,'41847156274954324350',3),(8871112790,'43358165211665844390',5),(8871112790,'43965724653746785480',7),(8871112790,'46527362683768873150',5),(8871112790,'51759463753578969760',6),(8871112790,'52943811873541648840',3),(8871112790,'55944353418824169380',6),(8871112790,'57111196212246157420',4),(8871112790,'58752656927199539260',3),(8871112790,'59639784599515587970',5),(8871112790,'59997284537649351540',2),(8871112790,'66149793187885294960',1),(8871112790,'67882499755417783610',5),(8871112790,'71629911766396578290',5),(8871112790,'72224251213598856110',10),(8871112790,'72733182754592683270',8),(8871112790,'73171613255559112170',1),(8871112790,'75659345374746874380',3),(8871112790,'78418279338958636830',3),(8871112790,'82989169974591697130',9),(8871112790,'85447642195769724820',10),(8871112790,'86439191429155545460',6),(8871112790,'86733946751593613130',9),(8871112790,'94197677147836393770',4),(8871112790,'97186918355826742750',7),(8871112790,'97741544254848135210',4),(8871112790,'98751936272455835690',7),(9445976950,'15748555183839825130',4),(9445976950,'17744113973361528860',2),(9445976950,'27958316451723556170',4),(9445976950,'37494487994761893530',2),(9445976950,'56396571529313176970',8),(9445976950,'72128294939678486770',6),(9445976950,'74499792527638585390',3),(9445976950,'75659345374746874380',2),(9445976950,'82186834888916698930',5),(9445976950,'84877749522918668570',9),(9445976950,'85447642195769724820',4),(9445976950,'88146683713992487960',10),(9445976950,'88155938395572887670',6),(9445976950,'94197677147836393770',3),(9445976950,'96948795811125162970',9),(9575533350,'29192215124317212920',8),(9575533350,'45724816696569733280',6),(9575533350,'57111196212246157420',6),(9575533350,'61944265811269923270',2),(9575533350,'69364755368882652210',1),(9575533350,'76248269842888866810',9),(9575533350,'78699659718318273440',3),(9575533350,'85478671544377391330',5),(9671438920,'12431574596446974350',1),(9671438920,'15981158222851799290',9),(9671438920,'18575513674596814690',5),(9671438920,'18712774366744264210',2),(9671438920,'25448452789519546980',6),(9671438920,'25881346415187563440',5),(9671438920,'26526224997653839790',10),(9671438920,'26634257219355513430',7),(9671438920,'28733673225854935130',10),(9671438920,'29192215124317212920',1),(9671438920,'31884339279891734180',5),(9671438920,'34955558424589742580',2),(9671438920,'36524987454344759440',3),(9671438920,'36664882316941662860',9),(9671438920,'41847156274954324350',3),(9671438920,'43482342874668476950',3),(9671438920,'44965894427331553140',6),(9671438920,'46173535443645898350',7),(9671438920,'51391321241415699710',6),(9671438920,'51759463753578969760',1),(9671438920,'55944353418824169380',10),(9671438920,'58798729157584594480',5),(9671438920,'59639784599515587970',3),(9671438920,'61944265811269923270',2),(9671438920,'62497359996972185360',2),(9671438920,'64748423289518965370',2),(9671438920,'66149793187885294960',3),(9671438920,'67882499755417783610',6),(9671438920,'71475773282445228440',5),(9671438920,'72318899586849687460',2),(9671438920,'72733182754592683270',2),(9671438920,'73171613255559112170',4),(9671438920,'74762737319816119120',8),(9671438920,'75825166891212483150',6),(9671438920,'78699659718318273440',7),(9671438920,'78924572591589168530',6),(9671438920,'79391435246114222240',1),(9671438920,'82186834888916698930',9),(9671438920,'82421941866725369940',1),(9671438920,'82989169974591697130',2),(9671438920,'85866313863556189410',10),(9671438920,'87186693451691521240',3),(9671438920,'87926248535423499180',2),(9671438920,'91696576668867588130',7),(9671438920,'92366391478579124170',6),(9671438920,'93326698831852797630',3),(9671438920,'97381324768816222270',10),(9671438920,'97584933838598412170',8),(9682778590,'13871442115845312880',10),(9682778590,'15617467141432116590',10),(9682778590,'15748555183839825130',4),(9682778590,'16468144999767938740',3),(9682778590,'16656114326835973980',9),(9682778590,'17237946682357619330',9),(9682778590,'18575513674596814690',10),(9682778590,'24315421697869581340',4),(9682778590,'25881346415187563440',2),(9682778590,'26526224997653839790',10),(9682778590,'26588416159881774440',8),(9682778590,'39772264698312275360',1),(9682778590,'41847156274954324350',4),(9682778590,'43358165211665844390',9),(9682778590,'43482342874668476950',4),(9682778590,'46173535443645898350',2),(9682778590,'47553775341743341970',9),(9682778590,'51759463753578969760',10),(9682778590,'53925715834364122370',1),(9682778590,'56832875623486479260',2),(9682778590,'62832828147892816340',3),(9682778590,'64748423289518965370',5),(9682778590,'67882499755417783610',4),(9682778590,'69223714435824526110',4),(9682778590,'71475773282445228440',7),(9682778590,'72128294939678486770',5),(9682778590,'72224251213598856110',7),(9682778590,'72613857395882631890',6),(9682778590,'74674588277447489130',5),(9682778590,'74762737319816119120',5),(9682778590,'79391435246114222240',9),(9682778590,'79991275163873781310',6),(9682778590,'81933741867528218540',2),(9682778590,'82186834888916698930',2),(9682778590,'82989169974591697130',10),(9682778590,'84877749522918668570',1),(9682778590,'87186693451691521240',1),(9682778590,'93845245118826127460',10),(9682778590,'93869961489848319790',6),(9682778590,'94866522777314237670',3),(9682778590,'94952375997495484420',9),(9682778590,'97381324768816222270',3),(9682778590,'97584933838598412170',8),(9682778590,'97783328974615472580',2),(9682778590,'98751936272455835690',6),(9712449720,'12595663421373637890',2),(9712449720,'17955435619151322820',10),(9712449720,'18575513674596814690',10),(9712449720,'18967185498758878940',8),(9712449720,'26123158195648968260',6),(9712449720,'26526224997653839790',5),(9712449720,'27658557555316214910',10),(9712449720,'27813277788363911140',1),(9712449720,'28189825466253953510',6),(9712449720,'28262241277148475370',10),(9712449720,'29288771468785325720',4),(9712449720,'34955558424589742580',6),(9712449720,'37979192476283927210',7),(9712449720,'38227748662858183660',6),(9712449720,'41847156274954324350',9),(9712449720,'43358165211665844390',6),(9712449720,'46318774679272325370',9),(9712449720,'47553775341743341970',4),(9712449720,'47869284118977154770',7),(9712449720,'51759463753578969760',1),(9712449720,'53925715834364122370',6),(9712449720,'56832875623486479260',8),(9712449720,'57111196212246157420',6),(9712449720,'58752656927199539260',9),(9712449720,'58923635817423159250',9),(9712449720,'69223714435824526110',6),(9712449720,'69364755368882652210',9),(9712449720,'71475773282445228440',5),(9712449720,'72318899586849687460',6),(9712449720,'75659345374746874380',7),(9712449720,'77662353456562847720',9),(9712449720,'79391435246114222240',7),(9712449720,'79991275163873781310',4),(9712449720,'82186834888916698930',4),(9712449720,'82421941866725369940',1),(9712449720,'84312389894717662480',2),(9712449720,'84691758143332488140',1),(9712449720,'86439191429155545460',1),(9712449720,'87926248535423499180',6),(9712449720,'88146683713992487960',1),(9712449720,'89216193855921115620',6),(9712449720,'91336592847298147220',6),(9712449720,'91696576668867588130',3),(9712449720,'94451388697373459760',5),(9712449720,'98183826576723878460',4),(9794549680,'13871442115845312880',3),(9794549680,'15981158222851799290',3),(9794549680,'17844294816252217110',8),(9794549680,'17955435619151322820',7),(9794549680,'18575513674596814690',8),(9794549680,'22667271672289757640',6),(9794549680,'22889779227664521840',8),(9794549680,'25448452789519546980',5),(9794549680,'25881346415187563440',8),(9794549680,'26634257219355513430',9),(9794549680,'27958316451723556170',2),(9794549680,'28798441957644728230',5),(9794549680,'29288771468785325720',3),(9794549680,'29414848349615228420',9),(9794549680,'31842113177415335650',1),(9794549680,'34955558424589742580',6),(9794549680,'37494487994761893530',2),(9794549680,'42849959664246587490',6),(9794549680,'43965724653746785480',10),(9794549680,'44965894427331553140',8),(9794549680,'45724816696569733280',5),(9794549680,'46318774679272325370',10),(9794549680,'46527362683768873150',6),(9794549680,'58752656927199539260',8),(9794549680,'61944265811269923270',5),(9794549680,'62497359996972185360',6),(9794549680,'62832828147892816340',3),(9794549680,'64748423289518965370',8),(9794549680,'66127293465539925570',7),(9794549680,'66149793187885294960',4),(9794549680,'67882499755417783610',6),(9794549680,'67965874286533171240',4),(9794549680,'69223714435824526110',6),(9794549680,'71475773282445228440',1),(9794549680,'71796733219182667130',7),(9794549680,'72613857395882631890',2),(9794549680,'72733182754592683270',10),(9794549680,'73171613255559112170',1),(9794549680,'74499792527638585390',10),(9794549680,'74762737319816119120',8),(9794549680,'77662353456562847720',1),(9794549680,'81162625379551893160',7),(9794549680,'82186834888916698930',3),(9794549680,'82712526934259584480',1),(9794549680,'85447642195769724820',2),(9794549680,'85866313863556189410',10),(9794549680,'86733946751593613130',8),(9794549680,'91336592847298147220',3),(9794549680,'91696576668867588130',5),(9794549680,'93845245118826127460',1),(9794549680,'94952375997495484420',5),(9794549680,'95886387199146974910',2),(9794549680,'97186918355826742750',5),(9794549680,'98183826576723878460',7),(9794549680,'98694586189345949940',10),(9794549680,'99115193573764198610',5);

