--
-- Database: "ProjetBDDL2"
--

--
-- Dumping data for table "CATEGORIE"
--

INSERT INTO "CATEGORIE" VALUES('Boissons');
INSERT INTO "CATEGORIE" VALUES('Fruits et Legumes');
INSERT INTO "CATEGORIE" VALUES('Poissons');
INSERT INTO "CATEGORIE" VALUES('Viandes');

--
-- Dumping data for table "CLIENT"
--

INSERT INTO "CLIENT" VALUES(1117144480, 3.00, 'Havoc', 'Mehdi', '258 Rue Sellier, Laxou', 'Havoc.Mehdi@univ-lorraine.fr', '0269833233');
INSERT INTO "CLIENT" VALUES(1223129340, 3.00, 'Barksdale', 'Irina', '259 Rue Charles3, Vandoeuvre', 'Barksdale.Irina@univ-lorraine.fr', '0219727247');
INSERT INTO "CLIENT" VALUES(1318935820, 6.00, 'Cobain', 'Yann', '96 Avenue saint-epvre, Metz', 'Cobain.Yann@univ-lorraine.fr', '0251771993');
INSERT INTO "CLIENT" VALUES(1434419360, 8.00, 'DuLac', 'Yann', '156 Place Lobau, Metz', 'DuLac.Yann@univ-lorraine.fr', '0255538892');
INSERT INTO "CLIENT" VALUES(1534358150, 9.00, 'Tarantino', 'Adrien', '104 Boulevard Charles3, Metz', 'Tarantino.Adrien@univ-lorraine.fr', '0222158371');
INSERT INTO "CLIENT" VALUES(1544619710, 3.00, 'Ionesco', 'Isabelle', '226 Avenue saint-epvre, Nancy', 'Ionesco.Isabelle@univ-lorraine.fr', '0289927862');
INSERT INTO "CLIENT" VALUES(2189959140, 4.00, 'Taha', 'Ali', '291 Avenue Charles3, Nancy', 'Taha.Ali@univ-lorraine.fr', '0269782461');
INSERT INTO "CLIENT" VALUES(2427538880, 8.00, 'Adeba', 'Perceval', '103 Place Charles3, Nancy', 'Adeba.Perceval@univ-lorraine.fr', '0299392368');
INSERT INTO "CLIENT" VALUES(2483463290, 2.00, 'Havoc', 'Mehdi', '165 Place Lobau, Metz', 'Havoc.Mehdi@univ-lorraine.fr', '0294227516');
INSERT INTO "CLIENT" VALUES(2876413650, 9.00, 'Kubrick', 'Perceval', '76 Place Stanislas, Nancy', 'Kubrick.Perceval@univ-lorraine.fr', '0225795229');
INSERT INTO "CLIENT" VALUES(3161756750, 4.00, 'Adeba', 'Jimmy', '170 Rue Charles3, Laxou', 'Adeba.Jimmy@univ-lorraine.fr', '0277925125');
INSERT INTO "CLIENT" VALUES(3372385960, 10.00, 'Tarantino', 'Remi', '279 Place Charles3, Metz', 'Tarantino.Remi@univ-lorraine.fr', '0297525784');
INSERT INTO "CLIENT" VALUES(3599151610, 6.00, 'Davis', 'Helene', '218 Place jeanne d''arc, Laxou', 'Davis.Helene@univ-lorraine.fr', '0277767115');
INSERT INTO "CLIENT" VALUES(3682546210, 1.00, 'Cobain', 'Marlo', '219 Avenue jeanne d''arc, Metz', 'Cobain.Marlo@univ-lorraine.fr', '0288796428');
INSERT INTO "CLIENT" VALUES(3778298750, 6.00, 'Prodigy', 'Jimmy', '296 Avenue Henri Deglin, Vandoeuvre', 'Prodigy.Jimmy@univ-lorraine.fr', '0275786268');
INSERT INTO "CLIENT" VALUES(4114611710, 4.00, 'Ionesco', 'Marlo', '4 Boulevard des jardiniers, Laxou', 'Ionesco.Marlo@univ-lorraine.fr', '0244847714');
INSERT INTO "CLIENT" VALUES(4218486420, 4.00, 'Stanfield', 'Karadoc', '139 Avenue des jardiniers, Laxou', 'Stanfield.Karadoc@univ-lorraine.fr', '0226753371');
INSERT INTO "CLIENT" VALUES(4367861570, 6.00, 'Davis', 'Omar', '25 Avenue Sellier, Nancy', 'Davis.Omar@univ-lorraine.fr', '0295362868');
INSERT INTO "CLIENT" VALUES(4481244670, 4.00, 'Prodigy', 'Isabelle', '153 Avenue Henri Deglin, Metz', 'Prodigy.Isabelle@univ-lorraine.fr', '0219231853');
INSERT INTO "CLIENT" VALUES(4817135640, 6.00, 'Havoc', 'Omar', '188 Boulevard jeanne d''arc, Laxou', 'Havoc.Omar@univ-lorraine.fr', '0287648224');
INSERT INTO "CLIENT" VALUES(5193115570, 1.00, 'DuLac', 'Avon', '141 Avenue Henri Deglin, Vandoeuvre', 'DuLac.Avon@univ-lorraine.fr', '0287112849');
INSERT INTO "CLIENT" VALUES(5332114160, 3.00, 'Tarantino', 'Remi', '64 Avenue Lobau, Nancy', 'Tarantino.Remi@univ-lorraine.fr', '0242525219');
INSERT INTO "CLIENT" VALUES(5636236850, 10.00, 'Stanfield', 'Yann', '292 Rue Sellier, Metz', 'Stanfield.Yann@univ-lorraine.fr', '0272979196');
INSERT INTO "CLIENT" VALUES(5841723990, 10.00, 'Taha', 'Isabelle', '203 Rue Grande, Vandoeuvre', 'Taha.Isabelle@univ-lorraine.fr', '0257478432');
INSERT INTO "CLIENT" VALUES(5879334710, 5.00, 'Adeba', 'Ali', '224 Place saint-epvre, Laxou', 'Adeba.Ali@univ-lorraine.fr', '0299749735');
INSERT INTO "CLIENT" VALUES(5912642460, 3.00, 'Havoc', 'Ali', '205 Rue Charles3, Nancy', 'Havoc.Ali@univ-lorraine.fr', '0271895759');
INSERT INTO "CLIENT" VALUES(5937158220, 5.00, 'Stanfield', 'Mehdi', '106 Rue Grande, Metz', 'Stanfield.Mehdi@univ-lorraine.fr', '0286619541');
INSERT INTO "CLIENT" VALUES(5942946590, 6.00, 'Tarantino', 'Helene', '264 Boulevard saint-epvre, Metz', 'Tarantino.Helene@univ-lorraine.fr', '0242199235');
INSERT INTO "CLIENT" VALUES(5971779250, 1.00, 'Adeba', 'Adrien', '216 Rue Sellier, Laxou', 'Adeba.Adrien@univ-lorraine.fr', '0292786421');
INSERT INTO "CLIENT" VALUES(5981488590, 3.00, 'Barksdale', 'Helene', '20 Rue Grande, Nancy', 'Barksdale.Helene@univ-lorraine.fr', '0272375436');
INSERT INTO "CLIENT" VALUES(6112742170, 7.00, 'Adeba', 'Mehdi', '79 Place Sellier, Laxou', 'Adeba.Mehdi@univ-lorraine.fr', '0216127359');
INSERT INTO "CLIENT" VALUES(6177491390, 8.00, 'Adeba', 'Jimmy', '100 Boulevard jeanne d''arc, Metz', 'Adeba.Jimmy@univ-lorraine.fr', '0252859677');
INSERT INTO "CLIENT" VALUES(6254695410, 6.00, 'Cobain', 'Adrien', '298 Boulevard des jardiniers, Vandoeuvre', 'Cobain.Adrien@univ-lorraine.fr', '0253814662');
INSERT INTO "CLIENT" VALUES(6275676510, 4.00, 'Stanfield', 'Yann', '32 Place Sellier, Laxou', 'Stanfield.Yann@univ-lorraine.fr', '0294394473');
INSERT INTO "CLIENT" VALUES(6315844110, 2.00, 'Stanfield', 'Perceval', '111 Avenue Grande, Vandoeuvre', 'Stanfield.Perceval@univ-lorraine.fr', '0233174163');
INSERT INTO "CLIENT" VALUES(6364259210, 6.00, 'Ionesco', 'Jimmy', '210 Avenue Sellier, Laxou', 'Ionesco.Jimmy@univ-lorraine.fr', '0296568962');
INSERT INTO "CLIENT" VALUES(6777491680, 5.00, 'Stanfield', 'Helene', '255 Avenue Claudot, Nancy', 'Stanfield.Helene@univ-lorraine.fr', '0275711741');
INSERT INTO "CLIENT" VALUES(7331252860, 8.00, 'Ionesco', 'Mehdi', '232 Boulevard Charles3, Nancy', 'Ionesco.Mehdi@univ-lorraine.fr', '0255669714');
INSERT INTO "CLIENT" VALUES(7432865540, 2.00, 'Havoc', 'Yann', '79 Boulevard jeanne d''arc, Metz', 'Havoc.Yann@univ-lorraine.fr', '0217496191');
INSERT INTO "CLIENT" VALUES(7523691520, 6.00, 'Taha', 'Yann', '126 Rue des jardiniers, Nancy', 'Taha.Yann@univ-lorraine.fr', '0289968727');
INSERT INTO "CLIENT" VALUES(8188114730, 3.00, 'Barksdale', 'Ali', '141 Avenue jeanne d''arc, Vandoeuvre', 'Barksdale.Ali@univ-lorraine.fr', '0239115386');
INSERT INTO "CLIENT" VALUES(8538238810, 2.00, 'Barksdale', 'Remi', '92 Avenue Lobau, Metz', 'Barksdale.Remi@univ-lorraine.fr', '0249798642');
INSERT INTO "CLIENT" VALUES(8588585760, 8.00, 'Ionesco', 'Remi', '145 Boulevard Lobau, Nancy', 'Ionesco.Remi@univ-lorraine.fr', '0239913571');
INSERT INTO "CLIENT" VALUES(8871112790, 7.00, 'DuLac', 'Ali', '112 Boulevard Henri Deglin, Vandoeuvre', 'DuLac.Ali@univ-lorraine.fr', '0291738999');
INSERT INTO "CLIENT" VALUES(9445976950, 9.00, 'Havoc', 'Jimmy', '124 Boulevard Henri Deglin, Nancy', 'Havoc.Jimmy@univ-lorraine.fr', '0225617635');
INSERT INTO "CLIENT" VALUES(9575533350, 8.00, 'Stanfield', 'Perceval', '188 Boulevard Lobau, Laxou', 'Stanfield.Perceval@univ-lorraine.fr', '0229734643');
INSERT INTO "CLIENT" VALUES(9671438920, 8.00, 'Adeba', 'Remi', '272 Boulevard Grande, Nancy', 'Adeba.Remi@univ-lorraine.fr', '0255155737');
INSERT INTO "CLIENT" VALUES(9682778590, 9.00, 'Havoc', 'Mehdi', '86 Rue jeanne d''arc, Laxou', 'Havoc.Mehdi@univ-lorraine.fr', '0265532624');
INSERT INTO "CLIENT" VALUES(9712449720, 1.00, 'Kubrick', 'Ali', '99 Avenue Stanislas, Vandoeuvre', 'Kubrick.Ali@univ-lorraine.fr', '0261966929');
INSERT INTO "CLIENT" VALUES(9794549680, 8.00, 'Davis', 'Adrien', '102 Rue saint-epvre, Nancy', 'Davis.Adrien@univ-lorraine.fr', '0231177714');


--
-- Dumping data for table "PRODUIT"
--

INSERT INTO "PRODUIT" VALUES('12431574596446974350', 'MontLouis', 'MarqueAPasReperer', NULL, 7.00, 'F', 8.00, 115);
INSERT INTO "PRODUIT" VALUES('12595663421373637890', 'Crevettes', 'MarqueAPasReperer', NULL, 6.00, 'F', 6.00, 213);
INSERT INTO "PRODUIT" VALUES('13655334891411833320', 'Truite', 'PastopBudget', NULL, 1.00, 'F', 12.00, 180);
INSERT INTO "PRODUIT" VALUES('13724343589856724190', 'Vouvray', 'MarqueAPasReperer', NULL, 3.00, 'F', 15.00, 176);
INSERT INTO "PRODUIT" VALUES('13871442115845312880', 'Kiwis', 'Pouce', NULL, 13.00, 'F', 14.00, 124);
INSERT INTO "PRODUIT" VALUES('15249766367147185360', 'Perrier', 'MarqueAPasReperer', NULL, 5.00, 'F', 3.00, 235);
INSERT INTO "PRODUIT" VALUES('15617467141432116590', 'Orange', 'MarqueAPasReperer', NULL, 5.00, 'F', 10.00, 131);
INSERT INTO "PRODUIT" VALUES('15748555183839825130', 'Amandes', 'PastopBudget', NULL, 10.00, 'F', 9.00, 150);
INSERT INTO "PRODUIT" VALUES('15981158222851799290', 'Pepsi', 'PastopBudget', NULL, 1.00, 'F', 14.00, 170);
INSERT INTO "PRODUIT" VALUES('16468144999767938740', 'Noisettes', 'Eco-', NULL, 7.00, 'F', 1.00, 277);
INSERT INTO "PRODUIT" VALUES('16656114326835973980', 'Pinot Gris', 'PastopBudget', NULL, 13.00, 'F', 10.00, 246);
INSERT INTO "PRODUIT" VALUES('17237946682357619330', 'Vodka', 'Eco-', NULL, 6.00, 'F', 4.00, 222);
INSERT INTO "PRODUIT" VALUES('17744113973361528860', 'Noisettes', 'PastopBudget', NULL, 13.00, 'F', 7.00, 238);
INSERT INTO "PRODUIT" VALUES('17844294816252217110', 'Dinde', 'Pouce', NULL, 13.00, 'F', 5.00, 228);
INSERT INTO "PRODUIT" VALUES('17955435619151322820', 'Pomme', 'Eco-', NULL, 8.00, 'F', 15.00, 163);
INSERT INTO "PRODUIT" VALUES('18575513674596814690', 'Kiwis', 'MarqueAPasReperer', NULL, 11.00, 'F', 15.00, 265);
INSERT INTO "PRODUIT" VALUES('18712774366744264210', 'Saumon', 'MarqueAPasReperer', NULL, 6.00, 'F', 4.00, 239);
INSERT INTO "PRODUIT" VALUES('18967185498758878940', 'Crevettes', 'Eco-', NULL, 1.00, 'F', 2.00, 168);
INSERT INTO "PRODUIT" VALUES('21754578879935327160', 'Volvic', 'Pouce', NULL, 4.00, 'F', 7.00, 274);
INSERT INTO "PRODUIT" VALUES('22667271672289757640', 'Radis', 'Pouce', NULL, 12.00, 'F', 12.00, 255);
INSERT INTO "PRODUIT" VALUES('22889779227664521840', 'Pommes', 'MarqueAPasReperer', NULL, 5.00, 'F', 9.00, 216);
INSERT INTO "PRODUIT" VALUES('23734476368392437620', 'Costieres de Nimes', 'PastopBudget', NULL, 14.00, 'F', 13.00, 108);
INSERT INTO "PRODUIT" VALUES('24315421697869581340', 'Radis', 'PastopBudget', NULL, 10.00, 'F', 6.00, 275);
INSERT INTO "PRODUIT" VALUES('25448452789519546980', 'Medoc', 'Pouce', NULL, 14.00, 'F', 8.00, 203);
INSERT INTO "PRODUIT" VALUES('25533245649444567280', 'Canard', 'Pouce', NULL, 5.00, 'F', 13.00, 222);
INSERT INTO "PRODUIT" VALUES('25881346415187563440', 'Palourdes', 'MarqueAPasReperer', NULL, 6.00, 'F', 15.00, 198);
INSERT INTO "PRODUIT" VALUES('26123158195648968260', 'Oasis tropical', 'MarqueAPasReperer', NULL, 14.00, 'F', 3.00, 239);
INSERT INTO "PRODUIT" VALUES('26526224997653839790', 'Pomme kiwi', 'PastopBudget', NULL, 3.00, 'F', 5.00, 191);
INSERT INTO "PRODUIT" VALUES('26588416159881774440', 'Bananes', 'MarqueAPasReperer', NULL, 5.00, 'F', 6.00, 190);
INSERT INTO "PRODUIT" VALUES('26634257219355513430', 'Bouillabaisse', 'MarqueAPasReperer', NULL, 15.00, 'F', 1.00, 151);
INSERT INTO "PRODUIT" VALUES('27658557555316214910', 'Reuilly', 'Eco-', NULL, 7.00, 'F', 3.00, 231);
INSERT INTO "PRODUIT" VALUES('27813277788363911140', 'Pessac', 'MarqueAPasReperer', NULL, 9.00, 'F', 15.00, 218);
INSERT INTO "PRODUIT" VALUES('27815138666342679320', 'Vodka', 'MarqueAPasReperer', NULL, 11.00, 'F', 7.00, 123);
INSERT INTO "PRODUIT" VALUES('27958316451723556170', 'Bananes', 'Eco-', NULL, 11.00, 'F', 14.00, 204);
INSERT INTO "PRODUIT" VALUES('28189825466253953510', 'Medoc', 'MarqueAPasReperer', NULL, 1.00, 'F', 13.00, 198);
INSERT INTO "PRODUIT" VALUES('28221571636125289590', 'Poulet', 'Eco-', NULL, 9.00, 'F', 4.00, 261);
INSERT INTO "PRODUIT" VALUES('28262241277148475370', 'Lait de soja', 'MarqueAPasReperer', NULL, 14.00, 'F', 15.00, 206);
INSERT INTO "PRODUIT" VALUES('28546892886951542410', 'Poulet', 'MarqueAPasReperer', NULL, 5.00, 'F', 3.00, 244);
INSERT INTO "PRODUIT" VALUES('28733673225854935130', 'Gin', 'MarqueAPasReperer', NULL, 15.00, 'F', 2.00, 149);
INSERT INTO "PRODUIT" VALUES('28798441957644728230', 'Litchi Orange', 'MarqueAPasReperer', NULL, 11.00, 'F', 7.00, 119);
INSERT INTO "PRODUIT" VALUES('29192215124317212920', 'Oasis Pomme cassis', 'MarqueAPasReperer', NULL, 6.00, 'F', 8.00, 105);
INSERT INTO "PRODUIT" VALUES('29288771468785325720', 'Porc', 'PastopBudget', NULL, 6.00, 'F', 9.00, 166);
INSERT INTO "PRODUIT" VALUES('29414848349615228420', 'Pomme', 'PastopBudget', NULL, 4.00, 'F', 12.00, 150);
INSERT INTO "PRODUIT" VALUES('29799789647654981410', 'Bouillabaisse', 'PastopBudget', NULL, 13.00, 'F', 3.00, 138);
INSERT INTO "PRODUIT" VALUES('31842113177415335650', 'Chou', 'PastopBudget', NULL, 14.00, 'F', 2.00, 167);
INSERT INTO "PRODUIT" VALUES('31884339279891734180', 'Crevettes', 'Pouce', NULL, 1.00, 'F', 11.00, 121);
INSERT INTO "PRODUIT" VALUES('33632869977525442240', 'Chou', 'MarqueAPasReperer', NULL, 6.00, 'F', 10.00, 166);
INSERT INTO "PRODUIT" VALUES('34336628199522941910', 'Moules', 'MarqueAPasReperer', NULL, 1.00, 'F', 11.00, 299);
INSERT INTO "PRODUIT" VALUES('34955558424589742580', 'Bandol', 'MarqueAPasReperer', NULL, 8.00, 'F', 6.00, 223);
INSERT INTO "PRODUIT" VALUES('36524987454344759440', 'Noisettes', 'MarqueAPasReperer', NULL, 8.00, 'F', 11.00, 289);
INSERT INTO "PRODUIT" VALUES('36664882316941662860', 'Pomme', 'MarqueAPasReperer', NULL, 13.00, 'F', 13.00, 199);
INSERT INTO "PRODUIT" VALUES('37494487994761893530', 'Poires', 'Pouce', NULL, 4.00, 'F', 12.00, 260);
INSERT INTO "PRODUIT" VALUES('37885252433986615560', 'Costieres de Nimes', 'Pouce', NULL, 4.00, 'F', 9.00, 274);
INSERT INTO "PRODUIT" VALUES('37979192476283927210', 'Pinot Gris', 'Pouce', NULL, 13.00, 'F', 12.00, 107);
INSERT INTO "PRODUIT" VALUES('37996537434962145790', 'Rozana', 'PastopBudget', NULL, 6.00, 'F', 3.00, 159);
INSERT INTO "PRODUIT" VALUES('38227748662858183660', 'Saumon', 'PastopBudget', NULL, 6.00, 'F', 5.00, 174);
INSERT INTO "PRODUIT" VALUES('39772264698312275360', 'Laitue', 'PastopBudget', NULL, 3.00, 'F', 7.00, 183);
INSERT INTO "PRODUIT" VALUES('39788447553971412890', 'Beaune', 'MarqueAPasReperer', NULL, 1.00, 'F', 15.00, 235);
INSERT INTO "PRODUIT" VALUES('41847156274954324350', 'Boeuf', 'MarqueAPasReperer', NULL, 5.00, 'F', 7.00, 281);
INSERT INTO "PRODUIT" VALUES('42849959664246587490', 'Porc', 'MarqueAPasReperer', NULL, 8.00, 'F', 4.00, 198);
INSERT INTO "PRODUIT" VALUES('43358165211665844390', 'Bandol', 'PastopBudget', NULL, 14.00, 'F', 10.00, 224);
INSERT INTO "PRODUIT" VALUES('43482342874668476950', 'Lait de Vache', 'Pouce', NULL, 10.00, 'F', 5.00, 237);
INSERT INTO "PRODUIT" VALUES('43965724653746785480', 'Pomme kiwi', 'Eco-', NULL, 2.00, 'F', 11.00, 126);
INSERT INTO "PRODUIT" VALUES('44965894427331553140', 'Vouvray', 'Pouce', NULL, 7.00, 'F', 5.00, 294);
INSERT INTO "PRODUIT" VALUES('45675166784536541440', 'Canard', 'Eco-', NULL, 14.00, 'F', 7.00, 192);
INSERT INTO "PRODUIT" VALUES('45724816696569733280', 'Hepar', 'PastopBudget', NULL, 6.00, 'F', 6.00, 150);
INSERT INTO "PRODUIT" VALUES('46173535443645898350', 'Bouillabaisse', 'Pouce', NULL, 5.00, 'F', 12.00, 237);
INSERT INTO "PRODUIT" VALUES('46318774679272325370', 'Crevettes', 'PastopBudget', NULL, 4.00, 'F', 5.00, 104);
INSERT INTO "PRODUIT" VALUES('46527362683768873150', 'Gin', 'PastopBudget', NULL, 4.00, 'F', 11.00, 190);
INSERT INTO "PRODUIT" VALUES('47553775341743341970', 'Rozana', 'PastopBudget', NULL, 7.00, 'F', 14.00, 296);
INSERT INTO "PRODUIT" VALUES('47869284118977154770', 'Evian', 'PastopBudget', NULL, 9.00, 'F', 6.00, 190);
INSERT INTO "PRODUIT" VALUES('48311173325853772460', 'Huitres', 'MarqueAPasReperer', NULL, 12.00, 'F', 3.00, 158);
INSERT INTO "PRODUIT" VALUES('48369347475269541640', 'Canard', 'MarqueAPasReperer', NULL, 9.00, 'F', 14.00, 243);
INSERT INTO "PRODUIT" VALUES('51391321241415699710', 'Taureau Rouge', 'Pouce', NULL, 11.00, 'F', 1.00, 287);
INSERT INTO "PRODUIT" VALUES('51759463753578969760', 'Radis', 'MarqueAPasReperer', NULL, 6.00, 'F', 4.00, 142);
INSERT INTO "PRODUIT" VALUES('52658122127276542920', 'Homards', 'MarqueAPasReperer', NULL, 6.00, 'F', 3.00, 111);
INSERT INTO "PRODUIT" VALUES('52943811873541648840', 'Gambas', 'PastopBudget', NULL, 8.00, 'F', 12.00, 231);
INSERT INTO "PRODUIT" VALUES('53541669911558759170', 'Rozana', 'MarqueAPasReperer', NULL, 13.00, 'F', 2.00, 182);
INSERT INTO "PRODUIT" VALUES('53925715834364122370', 'Amandes', 'Eco-', NULL, 8.00, 'F', 10.00, 116);
INSERT INTO "PRODUIT" VALUES('55585375131458471620', 'Hepar', 'MarqueAPasReperer', NULL, 4.00, 'F', 1.00, 155);
INSERT INTO "PRODUIT" VALUES('55944353418824169380', 'Veau', 'PastopBudget', NULL, 2.00, 'F', 10.00, 151);
INSERT INTO "PRODUIT" VALUES('56396571529313176970', 'Huitres', 'Eco-', NULL, 2.00, 'F', 13.00, 196);
INSERT INTO "PRODUIT" VALUES('56772968617993855110', 'Nuggets', 'PastopBudget', NULL, 6.00, 'F', 10.00, 161);
INSERT INTO "PRODUIT" VALUES('56832875623486479260', 'Truite', 'MarqueAPasReperer', NULL, 4.00, 'F', 1.00, 206);
INSERT INTO "PRODUIT" VALUES('57111196212246157420', 'Boeuf', 'Pouce', NULL, 8.00, 'F', 15.00, 235);
INSERT INTO "PRODUIT" VALUES('57181266343579497730', 'Lait de Vache', 'PastopBudget', NULL, 12.00, 'F', 5.00, 285);
INSERT INTO "PRODUIT" VALUES('57485384936143157140', 'Palourdes', 'PastopBudget', NULL, 2.00, 'F', 3.00, 117);
INSERT INTO "PRODUIT" VALUES('58752656927199539260', 'Pepsi', 'Pouce', NULL, 5.00, 'F', 15.00, 279);
INSERT INTO "PRODUIT" VALUES('58798729157584594480', 'Pomme', 'Pouce', NULL, 10.00, 'F', 7.00, 283);
INSERT INTO "PRODUIT" VALUES('58923635817423159250', 'Poires', 'MarqueAPasReperer', NULL, 5.00, 'F', 2.00, 123);
INSERT INTO "PRODUIT" VALUES('59639784599515587970', 'Poulet', 'PastopBudget', NULL, 1.00, 'F', 13.00, 191);
INSERT INTO "PRODUIT" VALUES('59997284537649351540', 'Reuilly', 'MarqueAPasReperer', NULL, 11.00, 'F', 13.00, 256);
INSERT INTO "PRODUIT" VALUES('61944265811269923270', 'Gambas', 'MarqueAPasReperer', NULL, 6.00, 'F', 13.00, 114);
INSERT INTO "PRODUIT" VALUES('62497359996972185360', 'Pinot Gris', 'MarqueAPasReperer', NULL, 4.00, 'F', 12.00, 167);
INSERT INTO "PRODUIT" VALUES('62832828147892816340', 'Pomme kiwi', 'MarqueAPasReperer', NULL, 12.00, 'F', 11.00, 100);
INSERT INTO "PRODUIT" VALUES('64748423289518965370', 'Roquette', 'Eco-', NULL, 14.00, 'F', 6.00, 277);
INSERT INTO "PRODUIT" VALUES('66127293465539925570', 'Boeuf', 'PastopBudget', NULL, 12.00, 'F', 6.00, 232);
INSERT INTO "PRODUIT" VALUES('66142265557272782150', 'Whisky', 'PastopBudget', NULL, 11.00, 'F', 1.00, 245);
INSERT INTO "PRODUIT" VALUES('66149793187885294960', 'Evian', 'MarqueAPasReperer', NULL, 12.00, 'F', 7.00, 251);
INSERT INTO "PRODUIT" VALUES('66657731265291943110', 'Noix', 'Pouce', NULL, 11.00, 'F', 7.00, 286);
INSERT INTO "PRODUIT" VALUES('66964126219637877980', 'Truite', 'Eco-', NULL, 11.00, 'F', 9.00, 136);
INSERT INTO "PRODUIT" VALUES('67882499755417783610', 'Perrier', 'PastopBudget', NULL, 7.00, 'F', 4.00, 185);
INSERT INTO "PRODUIT" VALUES('67965874286533171240', 'MontLouis', 'PastopBudget', NULL, 12.00, 'F', 12.00, 265);
INSERT INTO "PRODUIT" VALUES('69223714435824526110', 'Boeuf', 'MarqueAPasReperer', NULL, 11.00, 'F', 15.00, 262);
INSERT INTO "PRODUIT" VALUES('69364755368882652210', 'Brocoli', 'MarqueAPasReperer', NULL, 11.00, 'F', 3.00, 186);
INSERT INTO "PRODUIT" VALUES('69746915252799358980', 'Nuggets', 'MarqueAPasReperer', NULL, 2.00, 'F', 11.00, 149);
INSERT INTO "PRODUIT" VALUES('71475773282445228440', 'Chou', 'Pouce', NULL, 5.00, 'F', 15.00, 282);
INSERT INTO "PRODUIT" VALUES('71629911766396578290', 'Chablis', 'MarqueAPasReperer', NULL, 2.00, 'F', 15.00, 221);
INSERT INTO "PRODUIT" VALUES('71796733219182667130', 'Kiwis', 'PastopBudget', NULL, 10.00, 'F', 13.00, 294);
INSERT INTO "PRODUIT" VALUES('72128294939678486770', 'Coka', 'MarqueAPasReperer', NULL, 12.00, 'F', 8.00, 263);
INSERT INTO "PRODUIT" VALUES('72224251213598856110', 'Agneau', 'MarqueAPasReperer', NULL, 15.00, 'F', 2.00, 229);
INSERT INTO "PRODUIT" VALUES('72318899586849687460', 'Roquette', 'MarqueAPasReperer', NULL, 14.00, 'F', 9.00, 116);
INSERT INTO "PRODUIT" VALUES('72613857395882631890', 'Pinot Gris', 'Eco-', NULL, 3.00, 'F', 12.00, 112);
INSERT INTO "PRODUIT" VALUES('72733182754592683270', 'Mache', 'MarqueAPasReperer', NULL, 11.00, 'F', 6.00, 290);
INSERT INTO "PRODUIT" VALUES('73171613255559112170', 'Dinde', 'MarqueAPasReperer', NULL, 10.00, 'F', 12.00, 107);
INSERT INTO "PRODUIT" VALUES('74499792527638585390', 'Orange breeakfast', 'MarqueAPasReperer', NULL, 6.00, 'F', 6.00, 246);
INSERT INTO "PRODUIT" VALUES('74674588277447489130', 'Coka', 'PastopBudget', NULL, 4.00, 'F', 5.00, 267);
INSERT INTO "PRODUIT" VALUES('74762737319816119120', 'Boeuf', 'MarqueAPasReperer', NULL, 13.00, 'F', 4.00, 228);
INSERT INTO "PRODUIT" VALUES('75659345374746874380', 'Sancerre', 'PastopBudget', NULL, 14.00, 'F', 15.00, 205);
INSERT INTO "PRODUIT" VALUES('75825166891212483150', 'Lait d''amande', 'MarqueAPasReperer', NULL, 4.00, 'F', 4.00, 203);
INSERT INTO "PRODUIT" VALUES('76248269842888866810', 'Brocoli', 'Pouce', NULL, 13.00, 'F', 14.00, 116);
INSERT INTO "PRODUIT" VALUES('77662353456562847720', 'Bisque', 'Pouce', NULL, 2.00, 'F', 3.00, 236);
INSERT INTO "PRODUIT" VALUES('78418279338958636830', 'MontLouis', 'Eco-', NULL, 13.00, 'F', 7.00, 295);
INSERT INTO "PRODUIT" VALUES('78699659718318273440', 'Porc', 'Pouce', NULL, 9.00, 'F', 11.00, 252);
INSERT INTO "PRODUIT" VALUES('78924572591589168530', 'Veau', 'MarqueAPasReperer', NULL, 2.00, 'F', 13.00, 186);
INSERT INTO "PRODUIT" VALUES('79391435246114222240', 'Volvic', 'PastopBudget', NULL, 3.00, 'F', 14.00, 257);
INSERT INTO "PRODUIT" VALUES('79991275163873781310', 'Speedup', 'Eco-', NULL, 4.00, 'F', 7.00, 190);
INSERT INTO "PRODUIT" VALUES('81162625379551893160', 'Amandes', 'MarqueAPasReperer', NULL, 7.00, 'F', 11.00, 186);
INSERT INTO "PRODUIT" VALUES('81933741867528218540', 'Rozana', 'MarqueAPasReperer', NULL, 9.00, 'F', 3.00, 247);
INSERT INTO "PRODUIT" VALUES('82186834888916698930', 'Vodka', 'PastopBudget', NULL, 6.00, 'F', 7.00, 160);
INSERT INTO "PRODUIT" VALUES('82421941866725369940', 'Reveil fruite', 'PastopBudget', NULL, 15.00, 'F', 13.00, 179);
INSERT INTO "PRODUIT" VALUES('82712526934259584480', 'Pepsi', 'MarqueAPasReperer', NULL, 7.00, 'F', 11.00, 258);
INSERT INTO "PRODUIT" VALUES('82989169974591697130', 'Speedup', 'Pouce', NULL, 8.00, 'F', 9.00, 121);
INSERT INTO "PRODUIT" VALUES('84312389894717662480', 'Beaune', 'Pouce', NULL, 15.00, 'F', 13.00, 249);
INSERT INTO "PRODUIT" VALUES('84487592431575385570', 'Gin', 'Pouce', NULL, 3.00, 'F', 15.00, 125);
INSERT INTO "PRODUIT" VALUES('84691758143332488140', 'Roquette', 'Pouce', NULL, 14.00, 'F', 6.00, 177);
INSERT INTO "PRODUIT" VALUES('84877749522918668570', 'Pommes', 'Pouce', NULL, 3.00, 'F', 8.00, 245);
INSERT INTO "PRODUIT" VALUES('85447642195769724820', 'Whisky', 'Pouce', NULL, 11.00, 'F', 6.00, 231);
INSERT INTO "PRODUIT" VALUES('85478671544377391330', 'Coca', 'Pouce', NULL, 1.00, 'F', 1.00, 234);
INSERT INTO "PRODUIT" VALUES('85866313863556189410', 'Lait de soja', 'Pouce', NULL, 13.00, 'F', 11.00, 276);
INSERT INTO "PRODUIT" VALUES('86439191429155545460', 'Agneau', 'Pouce', NULL, 1.00, 'F', 9.00, 151);
INSERT INTO "PRODUIT" VALUES('86733946751593613130', 'Noix', 'MarqueAPasReperer', NULL, 4.00, 'F', 10.00, 222);
INSERT INTO "PRODUIT" VALUES('87186693451691521240', 'Reveil fruite', 'MarqueAPasReperer', NULL, 10.00, 'F', 4.00, 236);
INSERT INTO "PRODUIT" VALUES('87373936542751893690', 'Laitue', 'MarqueAPasReperer', NULL, 1.00, 'F', 12.00, 217);
INSERT INTO "PRODUIT" VALUES('87926248535423499180', 'Pinot Blanc', 'MarqueAPasReperer', NULL, 5.00, 'F', 7.00, 299);
INSERT INTO "PRODUIT" VALUES('88146683713992487960', 'Coca', 'MarqueAPasReperer', NULL, 15.00, 'F', 5.00, 193);
INSERT INTO "PRODUIT" VALUES('88155938395572887670', 'Volvic', 'MarqueAPasReperer', NULL, 13.00, 'F', 8.00, 238);
INSERT INTO "PRODUIT" VALUES('89216193855921115620', 'Bouillabaisse', 'Eco-', NULL, 1.00, 'F', 6.00, 159);
INSERT INTO "PRODUIT" VALUES('91336592847298147220', 'Gambas', 'Pouce', NULL, 4.00, 'F', 10.00, 236);
INSERT INTO "PRODUIT" VALUES('91696576668867588130', 'Canard', 'PastopBudget', NULL, 12.00, 'F', 3.00, 137);
INSERT INTO "PRODUIT" VALUES('92366391478579124170', 'Listel', 'MarqueAPasReperer', NULL, 1.00, 'F', 12.00, 217);
INSERT INTO "PRODUIT" VALUES('92769187466395949860', 'Sancerre', 'MarqueAPasReperer', NULL, 14.00, 'F', 11.00, 255);
INSERT INTO "PRODUIT" VALUES('93326698831852797630', 'Rozana', 'Pouce', NULL, 4.00, 'F', 6.00, 278);
INSERT INTO "PRODUIT" VALUES('93845245118826127460', 'Bananes', 'PastopBudget', NULL, 6.00, 'F', 8.00, 211);
INSERT INTO "PRODUIT" VALUES('93869961489848319790', 'Roquette', 'PastopBudget', NULL, 13.00, 'F', 1.00, 141);
INSERT INTO "PRODUIT" VALUES('94197677147836393770', 'Daurade', 'Pouce', NULL, 10.00, 'F', 15.00, 178);
INSERT INTO "PRODUIT" VALUES('94451388697373459760', 'Daurade', 'MarqueAPasReperer', NULL, 10.00, 'F', 13.00, 268);
INSERT INTO "PRODUIT" VALUES('94866522777314237670', 'Lait de Vache', 'MarqueAPasReperer', NULL, 7.00, 'F', 12.00, 281);
INSERT INTO "PRODUIT" VALUES('94952375997495484420', 'Taureau Rouge', 'MarqueAPasReperer', NULL, 8.00, 'F', 8.00, 254);
INSERT INTO "PRODUIT" VALUES('95241889171163596410', 'Perrier', 'Eco-', NULL, 8.00, 'F', 12.00, 242);
INSERT INTO "PRODUIT" VALUES('95886387199146974910', 'Bisque', 'MarqueAPasReperer', NULL, 12.00, 'F', 4.00, 155);
INSERT INTO "PRODUIT" VALUES('96948795811125162970', 'Whisky', 'MarqueAPasReperer', NULL, 10.00, 'F', 5.00, 228);
INSERT INTO "PRODUIT" VALUES('97186918355826742750', 'Truite', 'Pouce', NULL, 10.00, 'F', 9.00, 132);
INSERT INTO "PRODUIT" VALUES('97381324768816222270', 'Gin', 'Eco-', NULL, 3.00, 'F', 12.00, 158);
INSERT INTO "PRODUIT" VALUES('97584933838598412170', 'Pomme kiwi', 'Pouce', NULL, 4.00, 'F', 6.00, 294);
INSERT INTO "PRODUIT" VALUES('97741544254848135210', 'Speedup', 'PastopBudget', NULL, 6.00, 'F', 15.00, 171);
INSERT INTO "PRODUIT" VALUES('97783328974615472580', 'Costieres de Nimes', 'MarqueAPasReperer', NULL, 4.00, 'F', 3.00, 107);
INSERT INTO "PRODUIT" VALUES('98183826576723878460', 'Huitres', 'PastopBudget', NULL, 9.00, 'F', 14.00, 233);
INSERT INTO "PRODUIT" VALUES('98694586189345949940', 'Speedup', 'MarqueAPasReperer', NULL, 5.00, 'F', 13.00, 156);
INSERT INTO "PRODUIT" VALUES('98751936272455835690', 'Evian', 'Pouce', NULL, 1.00, 'F', 14.00, 104);
INSERT INTO "PRODUIT" VALUES('99115193573764198610', 'Reuilly', 'PastopBudget', NULL, 2.00, 'F', 10.00, 122);

--
-- Dumping data for table "PROMOTION"
--

INSERT INTO "PROMOTION" VALUES('1951761830', TO_DATE('2016-04-05', 'yyyy-mm-dd'), TO_DATE('2016-05-03', 'yyyy-mm-dd'), 3);
INSERT INTO "PROMOTION" VALUES('2269319930', TO_DATE('2016-04-27', 'yyyy-mm-dd'), TO_DATE('2016-05-05', 'yyyy-mm-dd'), 2);
INSERT INTO "PROMOTION" VALUES('3377486230', TO_DATE('2016-04-27', 'yyyy-mm-dd'), TO_DATE('2016-05-02', 'yyyy-mm-dd'), 1);
INSERT INTO "PROMOTION" VALUES('3452457180', TO_DATE('2016-04-25', 'yyyy-mm-dd'), TO_DATE('2016-05-27', 'yyyy-mm-dd'), 2);
INSERT INTO "PROMOTION" VALUES('3557414850', TO_DATE('2016-04-22', 'yyyy-mm-dd'), TO_DATE('2016-05-04', 'yyyy-mm-dd'), 3);
INSERT INTO "PROMOTION" VALUES('3779183150', TO_DATE('2016-04-22', 'yyyy-mm-dd'), TO_DATE('2016-05-01', 'yyyy-mm-dd'), 3);
INSERT INTO "PROMOTION" VALUES('4986442180', TO_DATE('2016-04-14', 'yyyy-mm-dd'), TO_DATE('2016-05-09', 'yyyy-mm-dd'), 2);
INSERT INTO "PROMOTION" VALUES('5563155570', TO_DATE('2016-04-14', 'yyyy-mm-dd'), TO_DATE('2016-05-30', 'yyyy-mm-dd'), 2);
INSERT INTO "PROMOTION" VALUES('5782269770', TO_DATE('2016-04-10', 'yyyy-mm-dd'), TO_DATE('2016-05-13', 'yyyy-mm-dd'), 1);
INSERT INTO "PROMOTION" VALUES('7364855640', TO_DATE('2016-04-03', 'yyyy-mm-dd'), TO_DATE('2016-05-13', 'yyyy-mm-dd'), 2);
INSERT INTO "PROMOTION" VALUES('7526618990', TO_DATE('2016-04-18', 'yyyy-mm-dd'), TO_DATE('2016-05-05', 'yyyy-mm-dd'), 2);
INSERT INTO "PROMOTION" VALUES('7988279630', TO_DATE('2016-04-14', 'yyyy-mm-dd'), TO_DATE('2016-05-23', 'yyyy-mm-dd'), 3);
INSERT INTO "PROMOTION" VALUES('8127814190', TO_DATE('2016-04-21', 'yyyy-mm-dd'), TO_DATE('2016-05-10', 'yyyy-mm-dd'), 1);
INSERT INTO "PROMOTION" VALUES('8224833970', TO_DATE('2016-04-22', 'yyyy-mm-dd'), TO_DATE('2016-05-04', 'yyyy-mm-dd'), 3);
INSERT INTO "PROMOTION" VALUES('8548467490', TO_DATE('2016-04-27', 'yyyy-mm-dd'), TO_DATE('2016-05-14', 'yyyy-mm-dd'), 3);
INSERT INTO "PROMOTION" VALUES('8698476130', TO_DATE('2016-04-17', 'yyyy-mm-dd'), TO_DATE('2016-05-26', 'yyyy-mm-dd'), 1);
INSERT INTO "PROMOTION" VALUES('8785476590', TO_DATE('2016-04-22', 'yyyy-mm-dd'), TO_DATE('2016-05-30', 'yyyy-mm-dd'), 3);
INSERT INTO "PROMOTION" VALUES('9396461340', TO_DATE('2016-04-12', 'yyyy-mm-dd'), TO_DATE('2016-05-04', 'yyyy-mm-dd'), 2);
INSERT INTO "PROMOTION" VALUES('9696594640', TO_DATE('2016-04-26', 'yyyy-mm-dd'), TO_DATE('2016-05-17', 'yyyy-mm-dd'), 2);
INSERT INTO "PROMOTION" VALUES('9748734740', TO_DATE('2016-04-01', 'yyyy-mm-dd'), TO_DATE('2016-05-05', 'yyyy-mm-dd'), 3);

--
-- Dumping data for table "P_INDIVIDUELLE"
--

INSERT INTO "P_INDIVIDUELLE" VALUES('3377486230', 20.00, NULL, '1');
INSERT INTO "P_INDIVIDUELLE" VALUES('4986442180', 2.00, NULL, '0');
INSERT INTO "P_INDIVIDUELLE" VALUES('5782269770', 10.00, NULL, '0');
INSERT INTO "P_INDIVIDUELLE" VALUES('7364855640', NULL, 1, '0');
INSERT INTO "P_INDIVIDUELLE" VALUES('7526618990', 1.00, NULL, '1');
INSERT INTO "P_INDIVIDUELLE" VALUES('7988279630', NULL, 1, '0');
INSERT INTO "P_INDIVIDUELLE" VALUES('8548467490', 10.00, NULL, '1');
INSERT INTO "P_INDIVIDUELLE" VALUES('9696594640', 2.00, NULL, '0');
INSERT INTO "P_INDIVIDUELLE" VALUES('9748734740', NULL, 1, '1');

--
-- Dumping data for table "P_LOT"
--

INSERT INTO "P_LOT" VALUES('1951761830', 2, 1);
INSERT INTO "P_LOT" VALUES('2269319930', 3, 1);
INSERT INTO "P_LOT" VALUES('3452457180', 2, 1);
INSERT INTO "P_LOT" VALUES('3557414850', 3, 1);
INSERT INTO "P_LOT" VALUES('3779183150', 3, 1);
INSERT INTO "P_LOT" VALUES('5563155570', 3, 1);
INSERT INTO "P_LOT" VALUES('8127814190', 2, 1);
INSERT INTO "P_LOT" VALUES('8224833970', 2, 1);
INSERT INTO "P_LOT" VALUES('8698476130', 2, 1);
INSERT INTO "P_LOT" VALUES('8785476590', 3, 1);
INSERT INTO "P_LOT" VALUES('9396461340', 2, 1);


--
-- Dumping data for table "OBJET_PROMO"
--

INSERT INTO "OBJET_PROMO" VALUES('1951761830', '13871442115845312880');
INSERT INTO "OBJET_PROMO" VALUES('9748734740', '15981158222851799290');
INSERT INTO "OBJET_PROMO" VALUES('3452457180', '17744113973361528860');
INSERT INTO "OBJET_PROMO" VALUES('9396461340', '17955435619151322820');
INSERT INTO "OBJET_PROMO" VALUES('5563155570', '21754578879935327160');
INSERT INTO "OBJET_PROMO" VALUES('7988279630', '26123158195648968260');
INSERT INTO "OBJET_PROMO" VALUES('8785476590', '26526224997653839790');
INSERT INTO "OBJET_PROMO" VALUES('8698476130', '26634257219355513430');


--
-- Dumping data for table "RAYON"
--

INSERT INTO "RAYON" VALUES('Eaux', 'Boissons');
INSERT INTO "RAYON" VALUES('Lait', 'Boissons');
INSERT INTO "RAYON" VALUES('Sodas', 'Boissons');
INSERT INTO "RAYON" VALUES('Spiritueux', 'Boissons');
INSERT INTO "RAYON" VALUES('Vin', 'Boissons');
INSERT INTO "RAYON" VALUES('Fruits', 'Fruits et Legumes');
INSERT INTO "RAYON" VALUES('Legumes', 'Fruits et Legumes');
INSERT INTO "RAYON" VALUES('Poissonnerie', 'Poissons');
INSERT INTO "RAYON" VALUES('Traiteur', 'Poissons');
INSERT INTO "RAYON" VALUES('Boucherie', 'Viandes');
INSERT INTO "RAYON" VALUES('Volaille', 'Viandes');

--
-- Dumping data for table "SOUS_RAYON"
--

INSERT INTO "SOUS_RAYON" VALUES('Agneau', 'Boucherie');
INSERT INTO "SOUS_RAYON" VALUES('Boeuf', 'Boucherie');
INSERT INTO "SOUS_RAYON" VALUES('Porc', 'Boucherie');
INSERT INTO "SOUS_RAYON" VALUES('Veau', 'Boucherie');
INSERT INTO "SOUS_RAYON" VALUES('De Source', 'Eaux');
INSERT INTO "SOUS_RAYON" VALUES('Magnesienne', 'Eaux');
INSERT INTO "SOUS_RAYON" VALUES('Minerales', 'Eaux');
INSERT INTO "SOUS_RAYON" VALUES('Fruits frais', 'Fruits');
INSERT INTO "SOUS_RAYON" VALUES('Fruits secs', 'Fruits');
INSERT INTO "SOUS_RAYON" VALUES('Jus', 'Fruits');
INSERT INTO "SOUS_RAYON" VALUES('Amande', 'Lait');
INSERT INTO "SOUS_RAYON" VALUES('Soja', 'Lait');
INSERT INTO "SOUS_RAYON" VALUES('Vache', 'Lait');
INSERT INTO "SOUS_RAYON" VALUES('Legumes', 'Legumes');
INSERT INTO "SOUS_RAYON" VALUES('Salades Sachet', 'Legumes');
INSERT INTO "SOUS_RAYON" VALUES('Coquillages', 'Poissonnerie');
INSERT INTO "SOUS_RAYON" VALUES('Crustaces', 'Poissonnerie');
INSERT INTO "SOUS_RAYON" VALUES('Filets', 'Poissonnerie');
INSERT INTO "SOUS_RAYON" VALUES('Aux fruits', 'Sodas');
INSERT INTO "SOUS_RAYON" VALUES('Cola', 'Sodas');
INSERT INTO "SOUS_RAYON" VALUES('Energisant', 'Sodas');
INSERT INTO "SOUS_RAYON" VALUES('Gin', 'Spiritueux');
INSERT INTO "SOUS_RAYON" VALUES('Vodka', 'Spiritueux');
INSERT INTO "SOUS_RAYON" VALUES('Whisky', 'Spiritueux');
INSERT INTO "SOUS_RAYON" VALUES('Marinade', 'Traiteur');
INSERT INTO "SOUS_RAYON" VALUES('Soupes', 'Traiteur');
INSERT INTO "SOUS_RAYON" VALUES('Surimi', 'Traiteur');
INSERT INTO "SOUS_RAYON" VALUES('Blanc', 'Vin');
INSERT INTO "SOUS_RAYON" VALUES('Rose', 'Vin');
INSERT INTO "SOUS_RAYON" VALUES('Rouge', 'Vin');
INSERT INTO "SOUS_RAYON" VALUES('Canard', 'Volaille');
INSERT INTO "SOUS_RAYON" VALUES('Dinde', 'Volaille');
INSERT INTO "SOUS_RAYON" VALUES('Nuggets', 'Volaille');
INSERT INTO "SOUS_RAYON" VALUES('Poulet', 'Volaille');

--
-- Dumping data for table "SOUS_SOUS_RAYON"
--

INSERT INTO "SOUS_SOUS_RAYON" VALUES('Alsace', 'Blanc');
INSERT INTO "SOUS_SOUS_RAYON" VALUES('Berry', 'Blanc');
INSERT INTO "SOUS_SOUS_RAYON" VALUES('Loire', 'Blanc');
INSERT INTO "SOUS_SOUS_RAYON" VALUES('Frais', 'Jus');
INSERT INTO "SOUS_SOUS_RAYON" VALUES('Non frais', 'Jus');
INSERT INTO "SOUS_SOUS_RAYON" VALUES('Smoothies', 'Jus');
INSERT INTO "SOUS_SOUS_RAYON" VALUES('Languedoc', 'Rose');
INSERT INTO "SOUS_SOUS_RAYON" VALUES('Provence', 'Rose');
INSERT INTO "SOUS_SOUS_RAYON" VALUES('Bordelais', 'Rouge');
INSERT INTO "SOUS_SOUS_RAYON" VALUES('Bourgogne', 'Rouge');

--
-- Dumping data for table "SR_P"
--

INSERT INTO "SR_P" VALUES('72224251213598856110', 'Agneau');
INSERT INTO "SR_P" VALUES('86439191429155545460', 'Agneau');
INSERT INTO "SR_P" VALUES('75825166891212483150', 'Amande');
INSERT INTO "SR_P" VALUES('26123158195648968260', 'Aux fruits');
INSERT INTO "SR_P" VALUES('29192215124317212920', 'Aux fruits');
INSERT INTO "SR_P" VALUES('66127293465539925570', 'Boeuf');
INSERT INTO "SR_P" VALUES('74762737319816119120', 'Boeuf');
INSERT INTO "SR_P" VALUES('25533245649444567280', 'Canard');
INSERT INTO "SR_P" VALUES('45675166784536541440', 'Canard');
INSERT INTO "SR_P" VALUES('48369347475269541640', 'Canard');
INSERT INTO "SR_P" VALUES('91696576668867588130', 'Canard');
INSERT INTO "SR_P" VALUES('15981158222851799290', 'Cola');
INSERT INTO "SR_P" VALUES('58752656927199539260', 'Cola');
INSERT INTO "SR_P" VALUES('82712526934259584480', 'Cola');
INSERT INTO "SR_P" VALUES('85478671544377391330', 'Cola');
INSERT INTO "SR_P" VALUES('88146683713992487960', 'Cola');
INSERT INTO "SR_P" VALUES('25881346415187563440', 'Coquillages');
INSERT INTO "SR_P" VALUES('34336628199522941910', 'Coquillages');
INSERT INTO "SR_P" VALUES('48311173325853772460', 'Coquillages');
INSERT INTO "SR_P" VALUES('56396571529313176970', 'Coquillages');
INSERT INTO "SR_P" VALUES('57485384936143157140', 'Coquillages');
INSERT INTO "SR_P" VALUES('98183826576723878460', 'Coquillages');
INSERT INTO "SR_P" VALUES('12595663421373637890', 'Crustaces');
INSERT INTO "SR_P" VALUES('18967185498758878940', 'Crustaces');
INSERT INTO "SR_P" VALUES('31884339279891734180', 'Crustaces');
INSERT INTO "SR_P" VALUES('46318774679272325370', 'Crustaces');
INSERT INTO "SR_P" VALUES('52658122127276542920', 'Crustaces');
INSERT INTO "SR_P" VALUES('52943811873541648840', 'Crustaces');
INSERT INTO "SR_P" VALUES('61944265811269923270', 'Crustaces');
INSERT INTO "SR_P" VALUES('91336592847298147220', 'Crustaces');
INSERT INTO "SR_P" VALUES('15249766367147185360', 'De Source');
INSERT INTO "SR_P" VALUES('37996537434962145790', 'De Source');
INSERT INTO "SR_P" VALUES('53541669911558759170', 'De Source');
INSERT INTO "SR_P" VALUES('67882499755417783610', 'De Source');
INSERT INTO "SR_P" VALUES('95241889171163596410', 'De Source');
INSERT INTO "SR_P" VALUES('17844294816252217110', 'Dinde');
INSERT INTO "SR_P" VALUES('73171613255559112170', 'Dinde');
INSERT INTO "SR_P" VALUES('51391321241415699710', 'Energisant');
INSERT INTO "SR_P" VALUES('72128294939678486770', 'Energisant');
INSERT INTO "SR_P" VALUES('74674588277447489130', 'Energisant');
INSERT INTO "SR_P" VALUES('79991275163873781310', 'Energisant');
INSERT INTO "SR_P" VALUES('82989169974591697130', 'Energisant');
INSERT INTO "SR_P" VALUES('94952375997495484420', 'Energisant');
INSERT INTO "SR_P" VALUES('97741544254848135210', 'Energisant');
INSERT INTO "SR_P" VALUES('98694586189345949940', 'Energisant');
INSERT INTO "SR_P" VALUES('13655334891411833320', 'Filets');
INSERT INTO "SR_P" VALUES('18712774366744264210', 'Filets');
INSERT INTO "SR_P" VALUES('38227748662858183660', 'Filets');
INSERT INTO "SR_P" VALUES('56832875623486479260', 'Filets');
INSERT INTO "SR_P" VALUES('66964126219637877980', 'Filets');
INSERT INTO "SR_P" VALUES('94197677147836393770', 'Filets');
INSERT INTO "SR_P" VALUES('94451388697373459760', 'Filets');
INSERT INTO "SR_P" VALUES('97186918355826742750', 'Filets');
INSERT INTO "SR_P" VALUES('13871442115845312880', 'Fruits frais');
INSERT INTO "SR_P" VALUES('18575513674596814690', 'Fruits frais');
INSERT INTO "SR_P" VALUES('22889779227664521840', 'Fruits frais');
INSERT INTO "SR_P" VALUES('26588416159881774440', 'Fruits frais');
INSERT INTO "SR_P" VALUES('27958316451723556170', 'Fruits frais');
INSERT INTO "SR_P" VALUES('37494487994761893530', 'Fruits frais');
INSERT INTO "SR_P" VALUES('58923635817423159250', 'Fruits frais');
INSERT INTO "SR_P" VALUES('71796733219182667130', 'Fruits frais');
INSERT INTO "SR_P" VALUES('84877749522918668570', 'Fruits frais');
INSERT INTO "SR_P" VALUES('93845245118826127460', 'Fruits frais');
INSERT INTO "SR_P" VALUES('15748555183839825130', 'Fruits secs');
INSERT INTO "SR_P" VALUES('16468144999767938740', 'Fruits secs');
INSERT INTO "SR_P" VALUES('17744113973361528860', 'Fruits secs');
INSERT INTO "SR_P" VALUES('36524987454344759440', 'Fruits secs');
INSERT INTO "SR_P" VALUES('53925715834364122370', 'Fruits secs');
INSERT INTO "SR_P" VALUES('66657731265291943110', 'Fruits secs');
INSERT INTO "SR_P" VALUES('81162625379551893160', 'Fruits secs');
INSERT INTO "SR_P" VALUES('86733946751593613130', 'Fruits secs');
INSERT INTO "SR_P" VALUES('28733673225854935130', 'Gin');
INSERT INTO "SR_P" VALUES('46527362683768873150', 'Gin');
INSERT INTO "SR_P" VALUES('84487592431575385570', 'Gin');
INSERT INTO "SR_P" VALUES('97381324768816222270', 'Gin');
INSERT INTO "SR_P" VALUES('22667271672289757640', 'Legumes');
INSERT INTO "SR_P" VALUES('24315421697869581340', 'Legumes');
INSERT INTO "SR_P" VALUES('31842113177415335650', 'Legumes');
INSERT INTO "SR_P" VALUES('33632869977525442240', 'Legumes');
INSERT INTO "SR_P" VALUES('51759463753578969760', 'Legumes');
INSERT INTO "SR_P" VALUES('69364755368882652210', 'Legumes');
INSERT INTO "SR_P" VALUES('71475773282445228440', 'Legumes');
INSERT INTO "SR_P" VALUES('76248269842888866810', 'Legumes');
INSERT INTO "SR_P" VALUES('45724816696569733280', 'Magnesienne');
INSERT INTO "SR_P" VALUES('47553775341743341970', 'Magnesienne');
INSERT INTO "SR_P" VALUES('55585375131458471620', 'Magnesienne');
INSERT INTO "SR_P" VALUES('81933741867528218540', 'Magnesienne');
INSERT INTO "SR_P" VALUES('93326698831852797630', 'Magnesienne');
INSERT INTO "SR_P" VALUES('21754578879935327160', 'Minerales');
INSERT INTO "SR_P" VALUES('47869284118977154770', 'Minerales');
INSERT INTO "SR_P" VALUES('66149793187885294960', 'Minerales');
INSERT INTO "SR_P" VALUES('79391435246114222240', 'Minerales');
INSERT INTO "SR_P" VALUES('88155938395572887670', 'Minerales');
INSERT INTO "SR_P" VALUES('98751936272455835690', 'Minerales');
INSERT INTO "SR_P" VALUES('56772968617993855110', 'Nuggets');
INSERT INTO "SR_P" VALUES('69746915252799358980', 'Nuggets');
INSERT INTO "SR_P" VALUES('29288771468785325720', 'Porc');
INSERT INTO "SR_P" VALUES('42849959664246587490', 'Porc');
INSERT INTO "SR_P" VALUES('78699659718318273440', 'Porc');
INSERT INTO "SR_P" VALUES('28221571636125289590', 'Poulet');
INSERT INTO "SR_P" VALUES('28546892886951542410', 'Poulet');
INSERT INTO "SR_P" VALUES('59639784599515587970', 'Poulet');
INSERT INTO "SR_P" VALUES('39772264698312275360', 'Salades Sachet');
INSERT INTO "SR_P" VALUES('64748423289518965370', 'Salades Sachet');
INSERT INTO "SR_P" VALUES('72318899586849687460', 'Salades Sachet');
INSERT INTO "SR_P" VALUES('72733182754592683270', 'Salades Sachet');
INSERT INTO "SR_P" VALUES('84691758143332488140', 'Salades Sachet');
INSERT INTO "SR_P" VALUES('87373936542751893690', 'Salades Sachet');
INSERT INTO "SR_P" VALUES('93869961489848319790', 'Salades Sachet');
INSERT INTO "SR_P" VALUES('28262241277148475370', 'Soja');
INSERT INTO "SR_P" VALUES('85866313863556189410', 'Soja');
INSERT INTO "SR_P" VALUES('26634257219355513430', 'Soupes');
INSERT INTO "SR_P" VALUES('29799789647654981410', 'Soupes');
INSERT INTO "SR_P" VALUES('46173535443645898350', 'Soupes');
INSERT INTO "SR_P" VALUES('77662353456562847720', 'Soupes');
INSERT INTO "SR_P" VALUES('89216193855921115620', 'Soupes');
INSERT INTO "SR_P" VALUES('95886387199146974910', 'Soupes');
INSERT INTO "SR_P" VALUES('43482342874668476950', 'Vache');
INSERT INTO "SR_P" VALUES('57181266343579497730', 'Vache');
INSERT INTO "SR_P" VALUES('94866522777314237670', 'Vache');
INSERT INTO "SR_P" VALUES('55944353418824169380', 'Veau');
INSERT INTO "SR_P" VALUES('78924572591589168530', 'Veau');
INSERT INTO "SR_P" VALUES('17237946682357619330', 'Vodka');
INSERT INTO "SR_P" VALUES('27815138666342679320', 'Vodka');
INSERT INTO "SR_P" VALUES('82186834888916698930', 'Vodka');
INSERT INTO "SR_P" VALUES('66142265557272782150', 'Whisky');
INSERT INTO "SR_P" VALUES('85447642195769724820', 'Whisky');
INSERT INTO "SR_P" VALUES('96948795811125162970', 'Whisky');

--
-- Dumping data for table "SSR_P"
--

INSERT INTO "SSR_P" VALUES('16656114326835973980', 'Alsace');
INSERT INTO "SSR_P" VALUES('37979192476283927210', 'Alsace');
INSERT INTO "SSR_P" VALUES('62497359996972185360', 'Alsace');
INSERT INTO "SSR_P" VALUES('72613857395882631890', 'Alsace');
INSERT INTO "SSR_P" VALUES('87926248535423499180', 'Alsace');
INSERT INTO "SSR_P" VALUES('27658557555316214910', 'Berry');
INSERT INTO "SSR_P" VALUES('59997284537649351540', 'Berry');
INSERT INTO "SSR_P" VALUES('75659345374746874380', 'Berry');
INSERT INTO "SSR_P" VALUES('92769187466395949860', 'Berry');
INSERT INTO "SSR_P" VALUES('99115193573764198610', 'Berry');
INSERT INTO "SSR_P" VALUES('25448452789519546980', 'Bordelais');
INSERT INTO "SSR_P" VALUES('27813277788363911140', 'Bordelais');
INSERT INTO "SSR_P" VALUES('28189825466253953510', 'Bordelais');
INSERT INTO "SSR_P" VALUES('39788447553971412890', 'Bourgogne');
INSERT INTO "SSR_P" VALUES('71629911766396578290', 'Bourgogne');
INSERT INTO "SSR_P" VALUES('84312389894717662480', 'Bourgogne');
INSERT INTO "SSR_P" VALUES('74499792527638585390', 'Frais');
INSERT INTO "SSR_P" VALUES('82421941866725369940', 'Frais');
INSERT INTO "SSR_P" VALUES('87186693451691521240', 'Frais');
INSERT INTO "SSR_P" VALUES('23734476368392437620', 'Languedoc');
INSERT INTO "SSR_P" VALUES('37885252433986615560', 'Languedoc');
INSERT INTO "SSR_P" VALUES('97783328974615472580', 'Languedoc');
INSERT INTO "SSR_P" VALUES('12431574596446974350', 'Loire');
INSERT INTO "SSR_P" VALUES('13724343589856724190', 'Loire');
INSERT INTO "SSR_P" VALUES('44965894427331553140', 'Loire');
INSERT INTO "SSR_P" VALUES('67965874286533171240', 'Loire');
INSERT INTO "SSR_P" VALUES('78418279338958636830', 'Loire');
INSERT INTO "SSR_P" VALUES('15617467141432116590', 'Non frais');
INSERT INTO "SSR_P" VALUES('17955435619151322820', 'Non frais');
INSERT INTO "SSR_P" VALUES('29414848349615228420', 'Non frais');
INSERT INTO "SSR_P" VALUES('36664882316941662860', 'Non frais');
INSERT INTO "SSR_P" VALUES('58798729157584594480', 'Non frais');
INSERT INTO "SSR_P" VALUES('34955558424589742580', 'Provence');
INSERT INTO "SSR_P" VALUES('43358165211665844390', 'Provence');
INSERT INTO "SSR_P" VALUES('92366391478579124170', 'Provence');
INSERT INTO "SSR_P" VALUES('26526224997653839790', 'Smoothies');
INSERT INTO "SSR_P" VALUES('28798441957644728230', 'Smoothies');
INSERT INTO "SSR_P" VALUES('43965724653746785480', 'Smoothies');
INSERT INTO "SSR_P" VALUES('62832828147892816340', 'Smoothies');
INSERT INTO "SSR_P" VALUES('97584933838598412170', 'Smoothies');

--
-- Dumping data for table `PANIER`
--

INSERT INTO `PANIER` VALUES (1111715990,'2017-02-05'),(1124719440,'2017-02-22'),(1219965950,'2017-02-24'),(1228964370,'2017-02-25'),(1255582690,'2017-02-15'),(1432922380,'2017-02-15'),(1444959940,'2017-02-26'),(1628662830,'2017-02-11'),(1769731360,'2017-02-05'),(2463141660,'2017-02-10'),(2473313740,'2017-02-26'),(2576452570,'2017-02-07'),(3175833720,'2017-02-15'),(3322184760,'2017-02-24'),(3432415560,'2017-02-02'),(3512268120,'2017-02-17'),(4281584690,'2017-02-01'),(4495278360,'2017-02-25'),(4589813230,'2017-02-14'),(4921849870,'2017-02-26'),(5121945520,'2017-02-20'),(5462561530,'2017-02-16'),(5484896910,'2017-02-09'),(5535775520,'2017-02-02'),(5558414540,'2017-02-10'),(5914797250,'2017-02-16'),(6281956930,'2017-02-02'),(6486756720,'2017-02-02'),(6756242360,'2017-02-11'),(6832924610,'2017-02-27'),(6864469440,'2017-02-15'),(7593349810,'2017-02-12'),(7619533990,'2017-02-08'),(7669497650,'2017-02-10'),(7695934730,'2017-02-18'),(7725311990,'2017-02-07'),(7762943270,'2017-02-02'),(7946931180,'2017-02-17'),(8317367840,'2017-02-24'),(8418148910,'2017-02-25'),(8522271840,'2017-02-12'),(8792647480,'2017-02-09'),(8814292960,'2017-02-22'),(8818684440,'2017-02-17'),(8963871780,'2017-02-09'),(9131536890,'2017-02-21'),(9289623930,'2017-02-13'),(9661921790,'2017-02-12'),(9914697820,'2017-02-27'),(9996841160,'2017-02-04');

--
-- Dumping data for table `ITEM`
--

INSERT INTO `ITEM` VALUES (1111715990,'11179134633575246530',5),(1111715990,'11287597636841718760',1),(1111715990,'12816714539812173740',10),(1111715990,'13951714341272676140',10),(1111715990,'14257746449461682980',8),(1111715990,'15311137494721619680',9),(1111715990,'16556544399989443290',2),(1111715990,'18371671125226885880',2),(1111715990,'21226853771818285180',10),(1111715990,'21248971511366676550',3),(1111715990,'21513673488429469110',4),(1111715990,'21893568432719281690',5),(1111715990,'23479734197922524160',9),(1111715990,'24624563291961681670',10),(1111715990,'25874244159786737110',3),(1111715990,'28628948994715128390',4),(1111715990,'32619872282981551910',3),(1111715990,'36185273624426672440',6),(1111715990,'36917492559856236820',6),(1111715990,'56396478537964567990',3),(1111715990,'58797785739935426530',2),(1111715990,'61499367757334731610',8),(1111715990,'64424878167124261960',5),(1111715990,'64967845257564219770',8),(1111715990,'65745419818369294630',9),(1111715990,'66221247614488446260',6),(1111715990,'67837919339693436940',7),(1111715990,'68775226117866239730',3),(1111715990,'71516913426222875580',6),(1111715990,'72731813655299631850',8),(1111715990,'74315461269214162710',9),(1111715990,'77231529188723987980',7),(1111715990,'79954586149312491650',9),(1111715990,'83964624189832668960',7),(1111715990,'85865954343715385780',6),(1111715990,'87978332486691249210',4),(1111715990,'92886445714682188150',10),(1111715990,'95486246213271281380',2),(1111715990,'99965125569947481110',4),(1124719440,'15546582515954292220',2),(1124719440,'28497216184627592210',4),(1124719440,'38876677415437469260',7),(1124719440,'38995727554817626820',8),(1124719440,'39189195592422362240',4),(1124719440,'41566658591118962220',5),(1124719440,'41686136299974281610',5),(1124719440,'48846394832465683790',5),(1124719440,'56396478537964567990',1),(1124719440,'56765252471188833590',10),(1124719440,'61213352532459832520',9),(1124719440,'62538188773345514810',8),(1124719440,'74315461269214162710',3),(1124719440,'84835136514511895140',10),(1124719440,'84858912325549476460',5),(1124719440,'85865954343715385780',6),(1219965950,'16574393435214222850',8),(1219965950,'21248971511366676550',9),(1219965950,'21513673488429469110',4),(1219965950,'23479734197922524160',2),(1219965950,'29337281132343232350',7),(1219965950,'33429291816827775490',4),(1219965950,'45598728936636247550',4),(1219965950,'46141193383586219450',6),(1219965950,'47845352453491555380',3),(1219965950,'56396478537964567990',4),(1219965950,'61499367757334731610',1),(1219965950,'79886121729654258170',2),(1219965950,'83332538791136294770',2),(1219965950,'87993622294599822170',1),(1219965950,'91474848455578971620',5),(1228964370,'11179134633575246530',8),(1228964370,'15546582515954292220',1),(1228964370,'18736444139684737650',7),(1228964370,'19129343563698366350',1),(1228964370,'21174466565184731710',3),(1228964370,'21226853771818285180',8),(1228964370,'21645924856577748630',3),(1228964370,'23778849532678675790',4),(1228964370,'29567577381257476270',8),(1228964370,'32619872282981551910',5),(1228964370,'34466324153153846660',9),(1228964370,'35691583125733338930',8),(1228964370,'37277335127457679990',5),(1228964370,'41341941989472683530',1),(1228964370,'41686136299974281610',1),(1228964370,'45753915613943169350',9),(1228964370,'48846394832465683790',8),(1228964370,'49122942169667467930',2),(1228964370,'54884158677541378960',2),(1228964370,'55947176835892777160',7),(1228964370,'59158853689699915130',10),(1228964370,'61329462725471716360',10),(1228964370,'64891266958359771130',6),(1228964370,'72684791269548259820',1),(1228964370,'74523957832246744210',5),(1228964370,'76386759845816822880',10),(1228964370,'84672341562629348470',5),(1228964370,'86735742238738319670',1),(1228964370,'89917612557143794970',8),(1255582690,'15546582515954292220',10),(1255582690,'16556544399989443290',5),(1255582690,'18371671125226885880',3),(1255582690,'21645924856577748630',4),(1255582690,'21893568432719281690',9),(1255582690,'23238223642278111210',3),(1255582690,'23778849532678675790',4),(1255582690,'25313199135879254290',10),(1255582690,'29497553727349231990',9),(1255582690,'34466324153153846660',3),(1255582690,'35453587358428346860',3),(1255582690,'35694668156673764310',4),(1255582690,'35983558214712424160',10),(1255582690,'36172598459197328930',8),(1255582690,'36917492559856236820',3),(1255582690,'37474136693478842180',1),(1255582690,'38876677415437469260',6),(1255582690,'38995727554817626820',7),(1255582690,'41566658591118962220',7),(1255582690,'41686136299974281610',8),(1255582690,'44663325172782817760',3),(1255582690,'45811471497398995960',2),(1255582690,'46141193383586219450',3),(1255582690,'46548845182681393310',2),(1255582690,'47582415368597493930',1),(1255582690,'53986135939173649450',9),(1255582690,'56867135745118225840',6),(1255582690,'59158853689699915130',10),(1255582690,'61213352532459832520',2),(1255582690,'62538188773345514810',2),(1255582690,'64424878167124261960',8),(1255582690,'67837919339693436940',1),(1255582690,'69832646158989291610',9),(1255582690,'71255362593665456980',2),(1255582690,'72731813655299631850',8),(1255582690,'73344925164124961570',5),(1255582690,'76386759845816822880',3),(1255582690,'78787532664249196910',1),(1255582690,'79833497125423882360',2),(1255582690,'79954586149312491650',10),(1255582690,'84362835276711787430',5),(1255582690,'86735742238738319670',3),(1255582690,'87978332486691249210',10),(1255582690,'91474848455578971620',5),(1255582690,'92146162878542952130',1),(1255582690,'95486246213271281380',1),(1432922380,'12816714539812173740',10),(1432922380,'15546582515954292220',4),(1432922380,'16556544399989443290',5),(1432922380,'16574393435214222850',4),(1432922380,'18736444139684737650',3),(1432922380,'18844997567518515660',3),(1432922380,'19989194322952231860',2),(1432922380,'21174466565184731710',1),(1432922380,'21248971511366676550',3),(1432922380,'21441648125465881810',9),(1432922380,'21645924856577748630',9),(1432922380,'22626939465628765710',9),(1432922380,'23141192348159123630',3),(1432922380,'23434272656686168970',2),(1432922380,'23479734197922524160',6),(1432922380,'28543967996838977930',6),(1432922380,'28628948994715128390',10),(1432922380,'29567577381257476270',6),(1432922380,'35492425865619313460',5),(1432922380,'36185273624426672440',3),(1432922380,'37474136693478842180',8),(1432922380,'38876677415437469260',1),(1432922380,'38995727554817626820',8),(1432922380,'39189195592422362240',10),(1432922380,'41341941989472683530',5),(1432922380,'45428325555798241320',6),(1432922380,'45811471497398995960',4),(1432922380,'46548845182681393310',7),(1432922380,'49122942169667467930',3),(1432922380,'54392649634196557120',10),(1432922380,'56396478537964567990',6),(1432922380,'56765252471188833590',3),(1432922380,'56867135745118225840',10),(1432922380,'57399524154763589990',9),(1432922380,'61499367757334731610',10),(1432922380,'61931138132212121740',1),(1432922380,'64891266958359771130',4),(1432922380,'64967845257564219770',3),(1432922380,'65745419818369294630',6),(1432922380,'66221247614488446260',4),(1432922380,'69832646158989291610',3),(1432922380,'71526159211935584480',6),(1432922380,'72567796334382554440',5),(1432922380,'73344925164124961570',10),(1432922380,'75894686446175281510',6),(1432922380,'76386759845816822880',4),(1432922380,'77231529188723987980',9),(1432922380,'78787532664249196910',5),(1432922380,'79886121729654258170',6),(1432922380,'81752137169587931890',10),(1432922380,'83332538791136294770',2),(1432922380,'84384737596311862850',9),(1432922380,'87993622294599822170',6),(1432922380,'92146162878542952130',3),(1432922380,'92337687944923331910',4),(1432922380,'93759398482838758510',2),(1432922380,'95536213622387962370',2),(1432922380,'99978437125774632310',3),(1444959940,'11287597636841718760',1),(1444959940,'13951714341272676140',1),(1444959940,'16556544399989443290',5),(1444959940,'16842935364451567830',4),(1444959940,'18371671125226885880',7),(1444959940,'18736444139684737650',9),(1444959940,'19129343563698366350',1),(1444959940,'19989194322952231860',6),(1444959940,'21226853771818285180',2),(1444959940,'21513673488429469110',4),(1444959940,'28628948994715128390',1),(1444959940,'35983558214712424160',5),(1444959940,'37113422679671185520',1),(1444959940,'37474136693478842180',5),(1444959940,'38995727554817626820',3),(1444959940,'42856379744632471950',1),(1444959940,'43552466715167725570',7),(1444959940,'45811471497398995960',8),(1444959940,'46548845182681393310',2),(1444959940,'48846394832465683790',5),(1444959940,'49192226869788683410',1),(1444959940,'49431537146492999710',4),(1444959940,'51137147827378248770',7),(1444959940,'51586321927292513720',1),(1444959940,'53892425463193674570',1),(1444959940,'54392649634196557120',8),(1444959940,'54884158677541378960',1),(1444959940,'55947176835892777160',5),(1444959940,'55992149159377726650',10),(1444959940,'56792943745782937990',1),(1444959940,'57276594111359181840',7),(1444959940,'57399524154763589990',7),(1444959940,'59158853689699915130',1),(1444959940,'61329462725471716360',4),(1444959940,'61499367757334731610',6),(1444959940,'64891266958359771130',7),(1444959940,'64967845257564219770',9),(1444959940,'66221247614488446260',3),(1444959940,'68775226117866239730',1),(1444959940,'72684791269548259820',4),(1444959940,'73344925164124961570',7),(1444959940,'74315461269214162710',1),(1444959940,'74523957832246744210',9),(1444959940,'79925218733141417620',5),(1444959940,'81752137169587931890',4),(1444959940,'82385455286181189690',7),(1444959940,'85213188414346431110',2),(1444959940,'86548871138233435390',9),(1444959940,'87978332486691249210',5),(1444959940,'87993622294599822170',5),(1444959940,'92146162878542952130',3),(1444959940,'92886445714682188150',1),(1444959940,'94961151445497384980',5),(1444959940,'95486246213271281380',2),(1444959940,'96498788247989692330',8),(1444959940,'98743495974962331410',7),(1444959940,'99965125569947481110',3),(1628662830,'12156729423749988330',4),(1628662830,'15311137494721619680',1),(1628662830,'15546582515954292220',5),(1628662830,'19989194322952231860',4),(1628662830,'21226853771818285180',8),(1628662830,'21513673488429469110',4),(1628662830,'21645924856577748630',10),(1628662830,'21893568432719281690',5),(1628662830,'22626939465628765710',6),(1628662830,'23778849532678675790',4),(1628662830,'24624563291961681670',6),(1628662830,'25313199135879254290',9),(1628662830,'25989423381126635140',7),(1628662830,'29226655697627792250',2),(1628662830,'32619872282981551910',9),(1628662830,'33429291816827775490',2),(1628662830,'33859145256383868890',3),(1628662830,'34466324153153846660',7),(1628662830,'35983558214712424160',10),(1628662830,'36172598459197328930',2),(1628662830,'36185273624426672440',3),(1628662830,'37277335127457679990',1),(1628662830,'38876677415437469260',7),(1628662830,'38995727554817626820',9),(1628662830,'44818542618356665420',7),(1628662830,'45811471497398995960',10),(1628662830,'46548845182681393310',4),(1628662830,'47582415368597493930',10),(1628662830,'47752629351114854570',6),(1628662830,'48846394832465683790',5),(1628662830,'49122942169667467930',5),(1628662830,'49192226869788683410',2),(1628662830,'52791736872891178430',2),(1628662830,'53892425463193674570',7),(1628662830,'54392649634196557120',5),(1628662830,'54884158677541378960',7),(1628662830,'55947176835892777160',3),(1628662830,'57399524154763589990',4),(1628662830,'58797785739935426530',9),(1628662830,'61329462725471716360',5),(1628662830,'62538188773345514810',4),(1628662830,'65745419818369294630',2),(1628662830,'68775226117866239730',10),(1628662830,'71255362593665456980',4),(1628662830,'72684791269548259820',7),(1628662830,'74523957832246744210',4),(1628662830,'76386759845816822880',6),(1628662830,'79833497125423882360',10),(1628662830,'84835136514511895140',9),(1628662830,'87234111614265561910',4),(1628662830,'88341338682971561770',6),(1628662830,'91757119874974527750',4),(1628662830,'92146162878542952130',6),(1628662830,'93759398482838758510',6),(1628662830,'97589878225913673810',8),(1628662830,'98743495974962331410',5),(1769731360,'13951714341272676140',10),(1769731360,'26189768884311935790',1),(1769731360,'45811471497398995960',10),(1769731360,'46141193383586219450',10),(1769731360,'46548845182681393310',3),(1769731360,'49431537146492999710',10),(1769731360,'68775226117866239730',5),(1769731360,'72684791269548259820',1),(1769731360,'79925218733141417620',10),(1769731360,'84384737596311862850',7),(1769731360,'84858912325549476460',3),(1769731360,'99978437125774632310',10),(2463141660,'11179134633575246530',9),(2463141660,'12156729423749988330',7),(2463141660,'12816714539812173740',5),(2463141660,'28543967996838977930',1),(2463141660,'29567577381257476270',8),(2463141660,'33859145256383868890',10),(2463141660,'35691583125733338930',6),(2463141660,'35694668156673764310',6),(2463141660,'38995727554817626820',6),(2463141660,'41341941989472683530',7),(2463141660,'43552466715167725570',6),(2463141660,'44663325172782817760',4),(2463141660,'45428325555798241320',3),(2463141660,'45753915613943169350',1),(2463141660,'46141193383586219450',3),(2463141660,'51137147827378248770',4),(2463141660,'52115862663568654180',9),(2463141660,'56792943745782937990',7),(2463141660,'61213352532459832520',2),(2463141660,'61931138132212121740',1),(2463141660,'64891266958359771130',10),(2463141660,'69913536262511719860',7),(2463141660,'71526159211935584480',6),(2463141660,'73441861558381358540',6),(2463141660,'77231529188723987980',10),(2463141660,'82385455286181189690',8),(2463141660,'84362835276711787430',5),(2463141660,'85213188414346431110',4),(2463141660,'85865954343715385780',2),(2463141660,'95536213622387962370',2),(2463141660,'98483494836964964810',10),(2463141660,'98743495974962331410',8),(2473313740,'23778849532678675790',1),(2473313740,'28543967996838977930',8),(2473313740,'34466324153153846660',1),(2473313740,'84835136514511895140',7),(2473313740,'91474848455578971620',3),(2473313740,'98743495974962331410',9),(2473313740,'99236784448233346170',6),(2576452570,'11287597636841718760',8),(2576452570,'14988638879497451740',1),(2576452570,'16574393435214222850',2),(2576452570,'18371671125226885880',6),(2576452570,'18844997567518515660',5),(2576452570,'21441648125465881810',1),(2576452570,'24624563291961681670',10),(2576452570,'25699266148411479290',8),(2576452570,'26189768884311935790',7),(2576452570,'28497216184627592210',1),(2576452570,'31354629837891943720',3),(2576452570,'35453587358428346860',2),(2576452570,'35694668156673764310',9),(2576452570,'37113422679671185520',9),(2576452570,'37277335127457679990',9),(2576452570,'37474136693478842180',6),(2576452570,'39189195592422362240',8),(2576452570,'41686136299974281610',6),(2576452570,'44943824699818186170',7),(2576452570,'45753915613943169350',6),(2576452570,'45811471497398995960',10),(2576452570,'46141193383586219450',7),(2576452570,'46548845182681393310',10),(2576452570,'47582415368597493930',4),(2576452570,'47845352453491555380',10),(2576452570,'49431537146492999710',10),(2576452570,'51586321927292513720',8),(2576452570,'57276594111359181840',3),(2576452570,'61931138132212121740',8),(2576452570,'65745419818369294630',5),(2576452570,'69832646158989291610',6),(2576452570,'71255362593665456980',4),(2576452570,'71516913426222875580',8),(2576452570,'73964517531112413360',5),(2576452570,'77231529188723987980',8),(2576452570,'79886121729654258170',5),(2576452570,'84384737596311862850',5),(2576452570,'85213188414346431110',4),(2576452570,'85865954343715385780',6),(2576452570,'91282188211948921340',10),(2576452570,'92146162878542952130',7),(2576452570,'92337687944923331910',2),(2576452570,'93759398482838758510',7),(2576452570,'95486246213271281380',5),(2576452570,'98483494836964964810',9),(2576452570,'98743495974962331410',3),(2576452570,'99236784448233346170',9),(2576452570,'99978437125774632310',4),(3175833720,'11179134633575246530',5),(3175833720,'12816714539812173740',4),(3175833720,'13951714341272676140',3),(3175833720,'14988638879497451740',2),(3175833720,'15546582515954292220',1),(3175833720,'18371671125226885880',3),(3175833720,'22626939465628765710',6),(3175833720,'25313199135879254290',9),(3175833720,'25874244159786737110',1),(3175833720,'32619872282981551910',7),(3175833720,'36185273624426672440',3),(3175833720,'37277335127457679990',5),(3175833720,'38876677415437469260',2),(3175833720,'41341941989472683530',9),(3175833720,'42856379744632471950',10),(3175833720,'43552466715167725570',2),(3175833720,'44943824699818186170',1),(3175833720,'45598728936636247550',6),(3175833720,'47582415368597493930',3),(3175833720,'47845352453491555380',4),(3175833720,'53892425463193674570',7),(3175833720,'56792943745782937990',7),(3175833720,'56867135745118225840',5),(3175833720,'62538188773345514810',6),(3175833720,'64424878167124261960',2),(3175833720,'65745419818369294630',5),(3175833720,'74315461269214162710',3),(3175833720,'74984722112995693460',6),(3175833720,'83332538791136294770',6),(3175833720,'86735742238738319670',6),(3175833720,'87234111614265561910',2),(3175833720,'91282188211948921340',1),(3175833720,'92337687944923331910',7),(3175833720,'95473916664794698180',6),(3175833720,'98687988611581516450',10),(3175833720,'98743495974962331410',7),(3175833720,'99236784448233346170',8),(3322184760,'16556544399989443290',4),(3322184760,'25699266148411479290',3),(3322184760,'36172598459197328930',8),(3322184760,'42856379744632471950',6),(3322184760,'44818542618356665420',5),(3322184760,'44943824699818186170',1),(3322184760,'45598728936636247550',1),(3322184760,'46141193383586219450',10),(3322184760,'52115862663568654180',1),(3322184760,'54392649634196557120',4),(3322184760,'54884158677541378960',5),(3322184760,'55947176835892777160',3),(3322184760,'61213352532459832520',5),(3322184760,'62989142465619679120',9),(3322184760,'67837919339693436940',2),(3322184760,'71516913426222875580',6),(3322184760,'73441861558381358540',1),(3322184760,'75894686446175281510',1),(3322184760,'79833497125423882360',6),(3322184760,'84362835276711787430',1),(3322184760,'84384737596311862850',1),(3322184760,'84858912325549476460',5),(3322184760,'85865954343715385780',4),(3322184760,'87978332486691249210',3),(3322184760,'91282188211948921340',9),(3322184760,'96498788247989692330',3),(3322184760,'98687988611581516450',10),(3432415560,'12816714539812173740',8),(3432415560,'16842935364451567830',6),(3432415560,'19129343563698366350',3),(3432415560,'21248971511366676550',7),(3432415560,'22626939465628765710',5),(3432415560,'23141192348159123630',6),(3432415560,'25699266148411479290',7),(3432415560,'33859145256383868890',4),(3432415560,'35492425865619313460',5),(3432415560,'41686136299974281610',8),(3432415560,'55992149159377726650',9),(3432415560,'56396478537964567990',10),(3432415560,'67837919339693436940',4),(3432415560,'69913536262511719860',1),(3432415560,'82385455286181189690',5),(3432415560,'86548871138233435390',6),(3432415560,'88341338682971561770',4),(3432415560,'93432441349285586950',5),(3432415560,'99978437125774632310',8),(3512268120,'14257746449461682980',2),(3512268120,'38876677415437469260',1),(3512268120,'57399524154763589990',3),(3512268120,'72731813655299631850',7),(4281584690,'11287597636841718760',1),(4281584690,'15546582515954292220',7),(4281584690,'16574393435214222850',4),(4281584690,'18844997567518515660',9),(4281584690,'19129343563698366350',9),(4281584690,'21226853771818285180',1),(4281584690,'21645924856577748630',7),(4281584690,'23141192348159123630',8),(4281584690,'23238223642278111210',4),(4281584690,'23778849532678675790',8),(4281584690,'25313199135879254290',10),(4281584690,'28497216184627592210',8),(4281584690,'29337281132343232350',8),(4281584690,'31354629837891943720',3),(4281584690,'33429291816827775490',2),(4281584690,'34466324153153846660',10),(4281584690,'36172598459197328930',2),(4281584690,'41341941989472683530',7),(4281584690,'42856379744632471950',4),(4281584690,'44663325172782817760',1),(4281584690,'46548845182681393310',4),(4281584690,'48846394832465683790',7),(4281584690,'49122942169667467930',1),(4281584690,'52115862663568654180',3),(4281584690,'52791736872891178430',9),(4281584690,'52898519483733114770',6),(4281584690,'54884158677541378960',9),(4281584690,'55992149159377726650',1),(4281584690,'56765252471188833590',8),(4281584690,'56867135745118225840',8),(4281584690,'59158853689699915130',8),(4281584690,'61931138132212121740',10),(4281584690,'62989142465619679120',7),(4281584690,'64967845257564219770',10),(4281584690,'66221247614488446260',10),(4281584690,'68775226117866239730',4),(4281584690,'69913536262511719860',1),(4281584690,'71516913426222875580',4),(4281584690,'72684791269548259820',6),(4281584690,'73344925164124961570',4),(4281584690,'73441861558381358540',4),(4281584690,'74315461269214162710',1),(4281584690,'83332538791136294770',5),(4281584690,'84384737596311862850',2),(4281584690,'84672341562629348470',2),(4281584690,'84835136514511895140',7),(4281584690,'85213188414346431110',3),(4281584690,'87234111614265561910',10),(4281584690,'88341338682971561770',5),(4281584690,'91282188211948921340',7),(4281584690,'94961151445497384980',7),(4281584690,'95473916664794698180',8),(4281584690,'98483494836964964810',6),(4495278360,'19989194322952231860',6),(4495278360,'21513673488429469110',3),(4495278360,'23778849532678675790',2),(4495278360,'41341941989472683530',4),(4495278360,'52791736872891178430',8),(4495278360,'53986135939173649450',8),(4495278360,'54392649634196557120',6),(4495278360,'54884158677541378960',3),(4495278360,'61499367757334731610',9),(4495278360,'65745419818369294630',6),(4495278360,'82385455286181189690',9),(4495278360,'86735742238738319670',10),(4495278360,'87234111614265561910',3),(4495278360,'99978437125774632310',9),(4589813230,'11179134633575246530',2),(4589813230,'11287597636841718760',9),(4589813230,'14988638879497451740',4),(4589813230,'15311137494721619680',1),(4589813230,'16556544399989443290',3),(4589813230,'16574393435214222850',7),(4589813230,'18736444139684737650',5),(4589813230,'18844997567518515660',5),(4589813230,'19989194322952231860',1),(4589813230,'21174466565184731710',6),(4589813230,'21226853771818285180',5),(4589813230,'21248971511366676550',6),(4589813230,'23778849532678675790',10),(4589813230,'24624563291961681670',2),(4589813230,'28543967996838977930',5),(4589813230,'29226655697627792250',5),(4589813230,'31354629837891943720',7),(4589813230,'33429291816827775490',1),(4589813230,'35453587358428346860',6),(4589813230,'41341941989472683530',8),(4589813230,'44663325172782817760',3),(4589813230,'44818542618356665420',8),(4589813230,'44943824699818186170',3),(4589813230,'45811471497398995960',3),(4589813230,'46548845182681393310',9),(4589813230,'51137147827378248770',9),(4589813230,'51586321927292513720',5),(4589813230,'52115862663568654180',10),(4589813230,'52791736872891178430',4),(4589813230,'53986135939173649450',8),(4589813230,'54392649634196557120',1),(4589813230,'54884158677541378960',1),(4589813230,'56396478537964567990',9),(4589813230,'56765252471188833590',5),(4589813230,'56792943745782937990',7),(4589813230,'56867135745118225840',3),(4589813230,'59158853689699915130',2),(4589813230,'61213352532459832520',2),(4589813230,'61931138132212121740',10),(4589813230,'64424878167124261960',1),(4589813230,'64967845257564219770',6),(4589813230,'67837919339693436940',3),(4589813230,'69832646158989291610',6),(4589813230,'69986855824639444140',8),(4589813230,'71255362593665456980',5),(4589813230,'72567796334382554440',2),(4589813230,'72684791269548259820',1),(4589813230,'73441861558381358540',8),(4589813230,'74984722112995693460',4),(4589813230,'79925218733141417620',8),(4589813230,'83332538791136294770',3),(4589813230,'84362835276711787430',6),(4589813230,'84858912325549476460',6),(4589813230,'92337687944923331910',8),(4589813230,'95473916664794698180',8),(4589813230,'95486246213271281380',4),(4589813230,'98743495974962331410',6),(4589813230,'99236784448233346170',5),(4921849870,'11287597636841718760',1),(4921849870,'12156729423749988330',1),(4921849870,'14257746449461682980',4),(4921849870,'14988638879497451740',9),(4921849870,'16556544399989443290',9),(4921849870,'16842935364451567830',6),(4921849870,'18633152376824913950',9),(4921849870,'21893568432719281690',8),(4921849870,'23778849532678675790',9),(4921849870,'25699266148411479290',9),(4921849870,'25874244159786737110',7),(4921849870,'26189768884311935790',6),(4921849870,'29497553727349231990',4),(4921849870,'33429291816827775490',2),(4921849870,'35453587358428346860',5),(4921849870,'36172598459197328930',2),(4921849870,'36185273624426672440',9),(4921849870,'37113422679671185520',6),(4921849870,'44663325172782817760',1),(4921849870,'45753915613943169350',2),(4921849870,'45811471497398995960',3),(4921849870,'46141193383586219450',5),(4921849870,'51137147827378248770',3),(4921849870,'52791736872891178430',4),(4921849870,'53892425463193674570',5),(4921849870,'57399524154763589990',10),(4921849870,'61499367757334731610',5),(4921849870,'67837919339693436940',5),(4921849870,'72567796334382554440',2),(4921849870,'72621813465629169970',1),(4921849870,'72731813655299631850',4),(4921849870,'73964517531112413360',4),(4921849870,'77231529188723987980',10),(4921849870,'79925218733141417620',9),(4921849870,'82385455286181189690',1),(4921849870,'83964624189832668960',9),(4921849870,'84384737596311862850',3),(4921849870,'84672341562629348470',8),(4921849870,'91474848455578971620',9),(4921849870,'95473916664794698180',8),(4921849870,'98743495974962331410',7),(4921849870,'99236784448233346170',10),(5121945520,'14988638879497451740',6),(5121945520,'21248971511366676550',9),(5121945520,'21441648125465881810',5),(5121945520,'23238223642278111210',3),(5121945520,'23434272656686168970',9),(5121945520,'27898286223386684640',10),(5121945520,'29337281132343232350',9),(5121945520,'29497553727349231990',2),(5121945520,'32619872282981551910',5),(5121945520,'33429291816827775490',8),(5121945520,'33859145256383868890',2),(5121945520,'35983558214712424160',10),(5121945520,'36185273624426672440',6),(5121945520,'41566658591118962220',2),(5121945520,'41686136299974281610',5),(5121945520,'44663325172782817760',8),(5121945520,'47582415368597493930',5),(5121945520,'54542233513116669180',8),(5121945520,'54884158677541378960',5),(5121945520,'56396478537964567990',6),(5121945520,'61213352532459832520',5),(5121945520,'71526159211935584480',5),(5121945520,'72567796334382554440',3),(5121945520,'74984722112995693460',3),(5121945520,'78787532664249196910',4),(5121945520,'79925218733141417620',3),(5121945520,'83964624189832668960',4),(5121945520,'84835136514511895140',7),(5121945520,'85213188414346431110',7),(5121945520,'85865954343715385780',6),(5121945520,'89917612557143794970',5),(5121945520,'91474848455578971620',3),(5121945520,'92146162878542952130',6),(5121945520,'92337687944923331910',9),(5121945520,'93759398482838758510',4),(5121945520,'94961151445497384980',2),(5121945520,'95486246213271281380',10),(5462561530,'14257746449461682980',1),(5462561530,'14988638879497451740',1),(5462561530,'16556544399989443290',4),(5462561530,'18371671125226885880',1),(5462561530,'18736444139684737650',6),(5462561530,'21174466565184731710',1),(5462561530,'21893568432719281690',4),(5462561530,'22626939465628765710',3),(5462561530,'23238223642278111210',9),(5462561530,'23479734197922524160',8),(5462561530,'25989423381126635140',7),(5462561530,'28497216184627592210',2),(5462561530,'29497553727349231990',8),(5462561530,'33859145256383868890',1),(5462561530,'34466324153153846660',1),(5462561530,'35453587358428346860',2),(5462561530,'35694668156673764310',1),(5462561530,'35983558214712424160',6),(5462561530,'36172598459197328930',6),(5462561530,'37474136693478842180',1),(5462561530,'38876677415437469260',9),(5462561530,'41686136299974281610',2),(5462561530,'44663325172782817760',9),(5462561530,'44818542618356665420',7),(5462561530,'44943824699818186170',5),(5462561530,'45428325555798241320',4),(5462561530,'46548845182681393310',10),(5462561530,'47582415368597493930',3),(5462561530,'55992149159377726650',9),(5462561530,'56765252471188833590',4),(5462561530,'56792943745782937990',2),(5462561530,'61931138132212121740',4),(5462561530,'64967845257564219770',7),(5462561530,'65745419818369294630',2),(5462561530,'69913536262511719860',10),(5462561530,'69986855824639444140',7),(5462561530,'71255362593665456980',6),(5462561530,'71516913426222875580',3),(5462561530,'72567796334382554440',6),(5462561530,'72621813465629169970',2),(5462561530,'73964517531112413360',2),(5462561530,'74315461269214162710',10),(5462561530,'74984722112995693460',7),(5462561530,'75894686446175281510',8),(5462561530,'77231529188723987980',6),(5462561530,'79445888837191656130',7),(5462561530,'79886121729654258170',2),(5462561530,'82385455286181189690',4),(5462561530,'83332538791136294770',3),(5462561530,'84384737596311862850',10),(5462561530,'85213188414346431110',8),(5462561530,'86735742238738319670',3),(5462561530,'91282188211948921340',10),(5462561530,'91757119874974527750',9),(5462561530,'92886445714682188150',9),(5462561530,'93432441349285586950',2),(5462561530,'93759398482838758510',4),(5462561530,'97589878225913673810',8),(5462561530,'98687988611581516450',4),(5462561530,'99965125569947481110',10),(5484896910,'11179134633575246530',7),(5484896910,'13951714341272676140',4),(5484896910,'21645924856577748630',2),(5484896910,'23778849532678675790',8),(5484896910,'24624563291961681670',8),(5484896910,'26189768884311935790',8),(5484896910,'27898286223386684640',10),(5484896910,'28543967996838977930',1),(5484896910,'29337281132343232350',3),(5484896910,'29497553727349231990',9),(5484896910,'31354629837891943720',10),(5484896910,'32619872282981551910',5),(5484896910,'33429291816827775490',5),(5484896910,'33859145256383868890',3),(5484896910,'34466324153153846660',6),(5484896910,'35694668156673764310',1),(5484896910,'36172598459197328930',7),(5484896910,'37113422679671185520',10),(5484896910,'37277335127457679990',9),(5484896910,'38876677415437469260',1),(5484896910,'39189195592422362240',7),(5484896910,'41341941989472683530',5),(5484896910,'42856379744632471950',5),(5484896910,'44943824699818186170',10),(5484896910,'45598728936636247550',2),(5484896910,'46141193383586219450',3),(5484896910,'47845352453491555380',6),(5484896910,'49122942169667467930',5),(5484896910,'51586321927292513720',8),(5484896910,'52791736872891178430',7),(5484896910,'54542233513116669180',9),(5484896910,'54884158677541378960',6),(5484896910,'56867135745118225840',5),(5484896910,'62989142465619679120',2),(5484896910,'64891266958359771130',2),(5484896910,'64967845257564219770',8),(5484896910,'67837919339693436940',1),(5484896910,'68775226117866239730',7),(5484896910,'71255362593665456980',5),(5484896910,'73344925164124961570',8),(5484896910,'73964517531112413360',2),(5484896910,'74523957832246744210',9),(5484896910,'76386759845816822880',10),(5484896910,'79833497125423882360',5),(5484896910,'83332538791136294770',2),(5484896910,'85213188414346431110',7),(5484896910,'87978332486691249210',5),(5484896910,'87993622294599822170',6),(5484896910,'93432441349285586950',10),(5484896910,'95536213622387962370',2),(5535775520,'12816714539812173740',4),(5535775520,'16842935364451567830',2),(5535775520,'18844997567518515660',10),(5535775520,'19989194322952231860',4),(5535775520,'21174466565184731710',4),(5535775520,'21513673488429469110',3),(5535775520,'23479734197922524160',4),(5535775520,'23778849532678675790',6),(5535775520,'24624563291961681670',7),(5535775520,'25699266148411479290',6),(5535775520,'25989423381126635140',9),(5535775520,'28497216184627592210',3),(5535775520,'29567577381257476270',10),(5535775520,'31354629837891943720',3),(5535775520,'33429291816827775490',9),(5535775520,'35492425865619313460',3),(5535775520,'37474136693478842180',9),(5535775520,'38876677415437469260',9),(5535775520,'39189195592422362240',8),(5535775520,'41341941989472683530',10),(5535775520,'45753915613943169350',7),(5535775520,'46548845182681393310',7),(5535775520,'49192226869788683410',9),(5535775520,'51586321927292513720',9),(5535775520,'52115862663568654180',1),(5535775520,'58797785739935426530',5),(5535775520,'59151688828184861470',5),(5535775520,'61213352532459832520',10),(5535775520,'61931138132212121740',10),(5535775520,'64424878167124261960',9),(5535775520,'65745419818369294630',2),(5535775520,'69832646158989291610',2),(5535775520,'71255362593665456980',7),(5535775520,'71516913426222875580',4),(5535775520,'72731813655299631850',9),(5535775520,'73441861558381358540',8),(5535775520,'78787532664249196910',5),(5535775520,'79886121729654258170',1),(5535775520,'83332538791136294770',6),(5535775520,'84672341562629348470',4),(5535775520,'84858912325549476460',3),(5535775520,'85865954343715385780',9),(5535775520,'87234111614265561910',9),(5535775520,'88341338682971561770',6),(5535775520,'89917612557143794970',6),(5535775520,'92886445714682188150',4),(5535775520,'93759398482838758510',2),(5535775520,'95486246213271281380',2),(5535775520,'99978437125774632310',9),(5558414540,'13951714341272676140',5),(5558414540,'14988638879497451740',9),(5558414540,'16842935364451567830',9),(5558414540,'19129343563698366350',7),(5558414540,'22626939465628765710',3),(5558414540,'28543967996838977930',10),(5558414540,'29226655697627792250',7),(5558414540,'29337281132343232350',8),(5558414540,'29567577381257476270',9),(5558414540,'36917492559856236820',3),(5558414540,'37113422679671185520',7),(5558414540,'37474136693478842180',4),(5558414540,'39189195592422362240',2),(5558414540,'44663325172782817760',9),(5558414540,'44818542618356665420',9),(5558414540,'44943824699818186170',7),(5558414540,'45811471497398995960',9),(5558414540,'53892425463193674570',9),(5558414540,'55992149159377726650',5),(5558414540,'57399524154763589990',8),(5558414540,'59158853689699915130',4),(5558414540,'61213352532459832520',7),(5558414540,'68775226117866239730',8),(5558414540,'71516913426222875580',8),(5558414540,'81752137169587931890',8),(5558414540,'87993622294599822170',6),(5558414540,'88341338682971561770',1),(5558414540,'93432441349285586950',1),(5914797250,'13951714341272676140',3),(5914797250,'19129343563698366350',9),(5914797250,'19989194322952231860',4),(5914797250,'21248971511366676550',1),(5914797250,'23238223642278111210',1),(5914797250,'25989423381126635140',2),(5914797250,'29226655697627792250',1),(5914797250,'32619872282981551910',3),(5914797250,'33859145256383868890',4),(5914797250,'35691583125733338930',7),(5914797250,'37113422679671185520',1),(5914797250,'37277335127457679990',5),(5914797250,'38995727554817626820',4),(5914797250,'41341941989472683530',9),(5914797250,'41686136299974281610',10),(5914797250,'44663325172782817760',8),(5914797250,'44943824699818186170',8),(5914797250,'45428325555798241320',4),(5914797250,'49192226869788683410',3),(5914797250,'51137147827378248770',10),(5914797250,'51586321927292513720',5),(5914797250,'52115862663568654180',7),(5914797250,'52898519483733114770',8),(5914797250,'53892425463193674570',6),(5914797250,'54542233513116669180',4),(5914797250,'59158853689699915130',7),(5914797250,'64967845257564219770',8),(5914797250,'67837919339693436940',8),(5914797250,'71516913426222875580',3),(5914797250,'72621813465629169970',1),(5914797250,'74315461269214162710',4),(5914797250,'74523957832246744210',7),(5914797250,'79925218733141417620',7),(5914797250,'84672341562629348470',7),(5914797250,'84858912325549476460',2),(5914797250,'85865954343715385780',5),(5914797250,'86548871138233435390',8),(5914797250,'92886445714682188150',5),(5914797250,'95473916664794698180',2),(5914797250,'95536213622387962370',8),(5914797250,'98687988611581516450',6),(6281956930,'11179134633575246530',8),(6281956930,'13951714341272676140',2),(6281956930,'16842935364451567830',6),(6281956930,'18371671125226885880',4),(6281956930,'21226853771818285180',2),(6281956930,'21441648125465881810',2),(6281956930,'23778849532678675790',5),(6281956930,'25874244159786737110',3),(6281956930,'25989423381126635140',2),(6281956930,'27898286223386684640',1),(6281956930,'28543967996838977930',6),(6281956930,'28628948994715128390',5),(6281956930,'29337281132343232350',1),(6281956930,'35983558214712424160',6),(6281956930,'36917492559856236820',2),(6281956930,'37113422679671185520',10),(6281956930,'37277335127457679990',7),(6281956930,'41686136299974281610',1),(6281956930,'45753915613943169350',5),(6281956930,'47845352453491555380',6),(6281956930,'49122942169667467930',10),(6281956930,'49192226869788683410',10),(6281956930,'52898519483733114770',8),(6281956930,'53892425463193674570',6),(6281956930,'54392649634196557120',8),(6281956930,'67837919339693436940',6),(6281956930,'69986855824639444140',1),(6281956930,'71255362593665456980',4),(6281956930,'72621813465629169970',2),(6281956930,'72731813655299631850',2),(6281956930,'73344925164124961570',5),(6281956930,'73441861558381358540',8),(6281956930,'74984722112995693460',8),(6281956930,'78787532664249196910',6),(6281956930,'79886121729654258170',2),(6281956930,'84362835276711787430',7),(6281956930,'84858912325549476460',5),(6281956930,'87234111614265561910',7),(6281956930,'91282188211948921340',6),(6281956930,'92146162878542952130',2),(6281956930,'93759398482838758510',1),(6281956930,'95536213622387962370',7),(6281956930,'99978437125774632310',9),(6486756720,'21174466565184731710',1),(6486756720,'45811471497398995960',7),(6486756720,'72731813655299631850',2),(6486756720,'88341338682971561770',9),(6756242360,'11179134633575246530',4),(6756242360,'14257746449461682980',4),(6756242360,'14988638879497451740',4),(6756242360,'18371671125226885880',1),(6756242360,'22626939465628765710',2),(6756242360,'25313199135879254290',1),(6756242360,'25699266148411479290',4),(6756242360,'25989423381126635140',4),(6756242360,'28497216184627592210',6),(6756242360,'28543967996838977930',10),(6756242360,'28628948994715128390',2),(6756242360,'31354629837891943720',9),(6756242360,'34466324153153846660',2),(6756242360,'36185273624426672440',2),(6756242360,'37113422679671185520',5),(6756242360,'41341941989472683530',9),(6756242360,'44943824699818186170',3),(6756242360,'45428325555798241320',2),(6756242360,'46141193383586219450',9),(6756242360,'46548845182681393310',3),(6756242360,'57276594111359181840',10),(6756242360,'61329462725471716360',1),(6756242360,'61499367757334731610',5),(6756242360,'62989142465619679120',7),(6756242360,'69913536262511719860',10),(6756242360,'72567796334382554440',8),(6756242360,'72684791269548259820',7),(6756242360,'77231529188723987980',6),(6756242360,'79833497125423882360',3),(6756242360,'81752137169587931890',1),(6756242360,'84672341562629348470',10),(6756242360,'86735742238738319670',6),(6756242360,'87978332486691249210',9),(6756242360,'88341338682971561770',9),(6756242360,'91757119874974527750',8),(6756242360,'98483494836964964810',4),(6756242360,'99236784448233346170',1),(6832924610,'15546582515954292220',3),(6832924610,'16842935364451567830',6),(6832924610,'18633152376824913950',10),(6832924610,'21226853771818285180',10),(6832924610,'23479734197922524160',7),(6832924610,'25989423381126635140',8),(6832924610,'26189768884311935790',6),(6832924610,'28497216184627592210',2),(6832924610,'29226655697627792250',4),(6832924610,'29337281132343232350',9),(6832924610,'29497553727349231990',10),(6832924610,'29567577381257476270',4),(6832924610,'32619872282981551910',5),(6832924610,'35453587358428346860',10),(6832924610,'36172598459197328930',2),(6832924610,'36185273624426672440',2),(6832924610,'38995727554817626820',6),(6832924610,'43552466715167725570',3),(6832924610,'44663325172782817760',6),(6832924610,'44943824699818186170',8),(6832924610,'46548845182681393310',6),(6832924610,'48846394832465683790',7),(6832924610,'53986135939173649450',4),(6832924610,'54392649634196557120',4),(6832924610,'55947176835892777160',8),(6832924610,'57276594111359181840',4),(6832924610,'57399524154763589990',1),(6832924610,'59151688828184861470',8),(6832924610,'59158853689699915130',3),(6832924610,'61931138132212121740',8),(6832924610,'62538188773345514810',3),(6832924610,'62989142465619679120',7),(6832924610,'64967845257564219770',7),(6832924610,'69832646158989291610',9),(6832924610,'71526159211935584480',10),(6832924610,'72567796334382554440',3),(6832924610,'72684791269548259820',3),(6832924610,'73441861558381358540',7),(6832924610,'73964517531112413360',3),(6832924610,'75894686446175281510',7),(6832924610,'76386759845816822880',1),(6832924610,'77231529188723987980',1),(6832924610,'78787532664249196910',8),(6832924610,'79954586149312491650',8),(6832924610,'81752137169587931890',3),(6832924610,'83332538791136294770',5),(6832924610,'84362835276711787430',3),(6832924610,'87234111614265561910',2),(6832924610,'88341338682971561770',6),(6832924610,'91282188211948921340',10),(6832924610,'91757119874974527750',7),(6832924610,'92146162878542952130',5),(6832924610,'92337687944923331910',5),(6832924610,'93759398482838758510',9),(6832924610,'95536213622387962370',7),(6832924610,'97589878225913673810',3),(6864469440,'11179134633575246530',7),(6864469440,'16556544399989443290',5),(6864469440,'21226853771818285180',4),(6864469440,'21645924856577748630',1),(6864469440,'28628948994715128390',3),(6864469440,'29567577381257476270',3),(6864469440,'31354629837891943720',3),(6864469440,'34466324153153846660',10),(6864469440,'35694668156673764310',1),(6864469440,'35983558214712424160',10),(6864469440,'36172598459197328930',9),(6864469440,'41566658591118962220',10),(6864469440,'44663325172782817760',6),(6864469440,'45811471497398995960',2),(6864469440,'54392649634196557120',8),(6864469440,'54884158677541378960',2),(6864469440,'55947176835892777160',8),(6864469440,'56396478537964567990',2),(6864469440,'56765252471188833590',1),(6864469440,'61931138132212121740',6),(6864469440,'71516913426222875580',2),(6864469440,'72621813465629169970',4),(6864469440,'72684791269548259820',2),(6864469440,'72731813655299631850',3),(6864469440,'77231529188723987980',10),(6864469440,'78787532664249196910',7),(6864469440,'79833497125423882360',6),(6864469440,'79925218733141417620',2),(6864469440,'84858912325549476460',8),(6864469440,'91282188211948921340',3),(6864469440,'95536213622387962370',6),(6864469440,'96498788247989692330',2),(6864469440,'99978437125774632310',1),(7593349810,'16556544399989443290',4),(7593349810,'18371671125226885880',1),(7593349810,'21174466565184731710',7),(7593349810,'21248971511366676550',3),(7593349810,'21513673488429469110',7),(7593349810,'21645924856577748630',5),(7593349810,'22626939465628765710',7),(7593349810,'23238223642278111210',9),(7593349810,'23479734197922524160',4),(7593349810,'24624563291961681670',7),(7593349810,'26189768884311935790',7),(7593349810,'28497216184627592210',3),(7593349810,'29497553727349231990',10),(7593349810,'33859145256383868890',10),(7593349810,'35694668156673764310',2),(7593349810,'38876677415437469260',10),(7593349810,'41341941989472683530',3),(7593349810,'41566658591118962220',9),(7593349810,'49122942169667467930',3),(7593349810,'49431537146492999710',8),(7593349810,'53986135939173649450',1),(7593349810,'54392649634196557120',4),(7593349810,'54884158677541378960',3),(7593349810,'55992149159377726650',5),(7593349810,'56765252471188833590',8),(7593349810,'61213352532459832520',9),(7593349810,'68775226117866239730',1),(7593349810,'69986855824639444140',4),(7593349810,'72684791269548259820',2),(7593349810,'73441861558381358540',9),(7593349810,'74984722112995693460',3),(7593349810,'77231529188723987980',3),(7593349810,'79886121729654258170',3),(7593349810,'81752137169587931890',7),(7593349810,'84672341562629348470',2),(7593349810,'86548871138233435390',3),(7593349810,'91474848455578971620',8),(7593349810,'91757119874974527750',5),(7593349810,'92146162878542952130',4),(7593349810,'98743495974962331410',3),(7619533990,'11179134633575246530',8),(7619533990,'13951714341272676140',10),(7619533990,'15311137494721619680',10),(7619533990,'15546582515954292220',2),(7619533990,'18371671125226885880',4),(7619533990,'18633152376824913950',5),(7619533990,'19129343563698366350',1),(7619533990,'19989194322952231860',8),(7619533990,'21174466565184731710',4),(7619533990,'21645924856577748630',8),(7619533990,'22626939465628765710',4),(7619533990,'25313199135879254290',9),(7619533990,'25874244159786737110',7),(7619533990,'25989423381126635140',9),(7619533990,'26189768884311935790',3),(7619533990,'27898286223386684640',7),(7619533990,'28497216184627592210',1),(7619533990,'29567577381257476270',2),(7619533990,'33859145256383868890',5),(7619533990,'35453587358428346860',7),(7619533990,'37113422679671185520',3),(7619533990,'38995727554817626820',2),(7619533990,'39189195592422362240',7),(7619533990,'43552466715167725570',9),(7619533990,'44818542618356665420',6),(7619533990,'44943824699818186170',6),(7619533990,'45428325555798241320',10),(7619533990,'47582415368597493930',4),(7619533990,'47845352453491555380',4),(7619533990,'51137147827378248770',1),(7619533990,'51586321927292513720',10),(7619533990,'53892425463193674570',8),(7619533990,'56396478537964567990',9),(7619533990,'57276594111359181840',4),(7619533990,'57399524154763589990',4),(7619533990,'58797785739935426530',1),(7619533990,'61213352532459832520',9),(7619533990,'62538188773345514810',1),(7619533990,'65745419818369294630',5),(7619533990,'66221247614488446260',6),(7619533990,'67837919339693436940',2),(7619533990,'68775226117866239730',10),(7619533990,'72684791269548259820',9),(7619533990,'73344925164124961570',6),(7619533990,'73441861558381358540',8),(7619533990,'79445888837191656130',10),(7619533990,'79833497125423882360',3),(7619533990,'83332538791136294770',4),(7619533990,'84672341562629348470',10),(7619533990,'84835136514511895140',7),(7619533990,'87993622294599822170',3),(7619533990,'89917612557143794970',8),(7619533990,'91757119874974527750',5),(7619533990,'92337687944923331910',6),(7619533990,'93432441349285586950',9),(7619533990,'95486246213271281380',1),(7619533990,'95536213622387962370',4),(7619533990,'99236784448233346170',7),(7619533990,'99978437125774632310',1),(7669497650,'18844997567518515660',7),(7669497650,'23778849532678675790',9),(7669497650,'42856379744632471950',9),(7669497650,'44663325172782817760',6),(7669497650,'47752629351114854570',2),(7669497650,'56792943745782937990',5),(7669497650,'61931138132212121740',3),(7669497650,'72731813655299631850',3),(7669497650,'84384737596311862850',1),(7669497650,'92886445714682188150',8),(7669497650,'95486246213271281380',8),(7695934730,'55992149159377726650',3),(7695934730,'62538188773345514810',1),(7695934730,'87978332486691249210',9),(7695934730,'92337687944923331910',8),(7725311990,'12156729423749988330',9),(7725311990,'14988638879497451740',5),(7725311990,'15311137494721619680',7),(7725311990,'19129343563698366350',6),(7725311990,'21226853771818285180',4),(7725311990,'21248971511366676550',4),(7725311990,'21893568432719281690',1),(7725311990,'23434272656686168970',3),(7725311990,'23479734197922524160',5),(7725311990,'25313199135879254290',9),(7725311990,'25699266148411479290',2),(7725311990,'28628948994715128390',2),(7725311990,'29226655697627792250',1),(7725311990,'34466324153153846660',6),(7725311990,'35453587358428346860',7),(7725311990,'35691583125733338930',10),(7725311990,'36172598459197328930',1),(7725311990,'36917492559856236820',4),(7725311990,'37277335127457679990',8),(7725311990,'39189195592422362240',8),(7725311990,'46141193383586219450',3),(7725311990,'46548845182681393310',2),(7725311990,'48846394832465683790',2),(7725311990,'49431537146492999710',8),(7725311990,'52115862663568654180',1),(7725311990,'54884158677541378960',1),(7725311990,'56396478537964567990',3),(7725311990,'57399524154763589990',2),(7725311990,'58797785739935426530',10),(7725311990,'59158853689699915130',8),(7725311990,'61931138132212121740',1),(7725311990,'64424878167124261960',3),(7725311990,'69913536262511719860',5),(7725311990,'71516913426222875580',8),(7725311990,'71526159211935584480',1),(7725311990,'72567796334382554440',1),(7725311990,'72621813465629169970',5),(7725311990,'72684791269548259820',5),(7725311990,'73344925164124961570',8),(7725311990,'73441861558381358540',4),(7725311990,'79833497125423882360',9),(7725311990,'79954586149312491650',7),(7725311990,'84362835276711787430',4),(7725311990,'84672341562629348470',2),(7725311990,'84835136514511895140',6),(7725311990,'91282188211948921340',8),(7725311990,'95486246213271281380',2),(7725311990,'95536213622387962370',3),(7762943270,'12816714539812173740',10),(7762943270,'14988638879497451740',10),(7762943270,'15311137494721619680',8),(7762943270,'16574393435214222850',1),(7762943270,'18371671125226885880',8),(7762943270,'21226853771818285180',4),(7762943270,'21513673488429469110',3),(7762943270,'23141192348159123630',10),(7762943270,'28628948994715128390',3),(7762943270,'29497553727349231990',9),(7762943270,'31354629837891943720',7),(7762943270,'32619872282981551910',2),(7762943270,'33859145256383868890',4),(7762943270,'34466324153153846660',3),(7762943270,'36172598459197328930',8),(7762943270,'38995727554817626820',3),(7762943270,'42856379744632471950',3),(7762943270,'45811471497398995960',1),(7762943270,'47582415368597493930',3),(7762943270,'47752629351114854570',6),(7762943270,'47845352453491555380',7),(7762943270,'49122942169667467930',9),(7762943270,'49431537146492999710',7),(7762943270,'52115862663568654180',7),(7762943270,'53986135939173649450',5),(7762943270,'56867135745118225840',1),(7762943270,'57276594111359181840',7),(7762943270,'61329462725471716360',9),(7762943270,'69832646158989291610',8),(7762943270,'69986855824639444140',10),(7762943270,'71516913426222875580',5),(7762943270,'72684791269548259820',6),(7762943270,'73344925164124961570',2),(7762943270,'73441861558381358540',1),(7762943270,'74315461269214162710',4),(7762943270,'74523957832246744210',8),(7762943270,'75894686446175281510',7),(7762943270,'76386759845816822880',9),(7762943270,'77231529188723987980',8),(7762943270,'79445888837191656130',9),(7762943270,'79833497125423882360',7),(7762943270,'79886121729654258170',6),(7762943270,'85213188414346431110',4),(7762943270,'86548871138233435390',10),(7762943270,'86735742238738319670',9),(7762943270,'87978332486691249210',7),(7762943270,'87993622294599822170',9),(7762943270,'88341338682971561770',3),(7762943270,'91757119874974527750',9),(7762943270,'92146162878542952130',10),(7762943270,'92886445714682188150',5),(7762943270,'93759398482838758510',6),(7762943270,'94961151445497384980',9),(7762943270,'98687988611581516450',5),(7762943270,'99978437125774632310',5),(7946931180,'11287597636841718760',2),(7946931180,'12156729423749988330',5),(7946931180,'12816714539812173740',9),(7946931180,'15546582515954292220',10),(7946931180,'16556544399989443290',7),(7946931180,'18633152376824913950',8),(7946931180,'18844997567518515660',9),(7946931180,'21248971511366676550',4),(7946931180,'21645924856577748630',10),(7946931180,'24624563291961681670',1),(7946931180,'28628948994715128390',3),(7946931180,'34466324153153846660',6),(7946931180,'35983558214712424160',7),(7946931180,'36917492559856236820',1),(7946931180,'37277335127457679990',1),(7946931180,'39189195592422362240',2),(7946931180,'45753915613943169350',2),(7946931180,'45811471497398995960',10),(7946931180,'46548845182681393310',6),(7946931180,'47582415368597493930',1),(7946931180,'47752629351114854570',9),(7946931180,'48846394832465683790',10),(7946931180,'49122942169667467930',5),(7946931180,'53986135939173649450',3),(7946931180,'55947176835892777160',4),(7946931180,'56396478537964567990',6),(7946931180,'56765252471188833590',9),(7946931180,'62538188773345514810',5),(7946931180,'64891266958359771130',6),(7946931180,'67837919339693436940',1),(7946931180,'68775226117866239730',9),(7946931180,'75894686446175281510',8),(7946931180,'76386759845816822880',8),(7946931180,'79925218733141417620',10),(7946931180,'81752137169587931890',2),(7946931180,'83332538791136294770',4),(7946931180,'83964624189832668960',8),(7946931180,'84672341562629348470',2),(7946931180,'88341338682971561770',5),(7946931180,'89917612557143794970',10),(7946931180,'91282188211948921340',8),(7946931180,'91474848455578971620',8),(7946931180,'91757119874974527750',1),(7946931180,'92886445714682188150',4),(7946931180,'93759398482838758510',8),(7946931180,'95486246213271281380',10),(7946931180,'95536213622387962370',6),(7946931180,'96498788247989692330',10),(7946931180,'98483494836964964810',2),(8317367840,'14257746449461682980',10),(8317367840,'15311137494721619680',2),(8317367840,'15546582515954292220',1),(8317367840,'16842935364451567830',5),(8317367840,'18736444139684737650',2),(8317367840,'21226853771818285180',8),(8317367840,'23238223642278111210',5),(8317367840,'23479734197922524160',7),(8317367840,'26189768884311935790',2),(8317367840,'29226655697627792250',10),(8317367840,'29337281132343232350',3),(8317367840,'32619872282981551910',7),(8317367840,'34466324153153846660',7),(8317367840,'35453587358428346860',5),(8317367840,'35691583125733338930',3),(8317367840,'35694668156673764310',3),(8317367840,'35983558214712424160',4),(8317367840,'38995727554817626820',3),(8317367840,'43552466715167725570',3),(8317367840,'44943824699818186170',7),(8317367840,'46141193383586219450',2),(8317367840,'49192226869788683410',6),(8317367840,'52115862663568654180',8),(8317367840,'55992149159377726650',8),(8317367840,'56792943745782937990',9),(8317367840,'58797785739935426530',6),(8317367840,'59151688828184861470',7),(8317367840,'61213352532459832520',3),(8317367840,'61931138132212121740',4),(8317367840,'64967845257564219770',1),(8317367840,'69913536262511719860',9),(8317367840,'69986855824639444140',2),(8317367840,'72567796334382554440',8),(8317367840,'73344925164124961570',6),(8317367840,'73964517531112413360',7),(8317367840,'74523957832246744210',10),(8317367840,'74984722112995693460',4),(8317367840,'76386759845816822880',6),(8317367840,'77231529188723987980',3),(8317367840,'82385455286181189690',4),(8317367840,'83964624189832668960',3),(8317367840,'84362835276711787430',7),(8317367840,'84672341562629348470',8),(8317367840,'87978332486691249210',7),(8317367840,'87993622294599822170',7),(8317367840,'94961151445497384980',2),(8317367840,'95473916664794698180',3),(8317367840,'95536213622387962370',7),(8317367840,'98483494836964964810',5),(8317367840,'98687988611581516450',8),(8317367840,'98743495974962331410',6),(8317367840,'99965125569947481110',6),(8418148910,'12816714539812173740',2),(8418148910,'14257746449461682980',4),(8418148910,'15311137494721619680',9),(8418148910,'15546582515954292220',3),(8418148910,'16842935364451567830',10),(8418148910,'18736444139684737650',3),(8418148910,'19129343563698366350',8),(8418148910,'21645924856577748630',1),(8418148910,'22626939465628765710',10),(8418148910,'23434272656686168970',8),(8418148910,'23479734197922524160',7),(8418148910,'24624563291961681670',7),(8418148910,'25874244159786737110',3),(8418148910,'27898286223386684640',8),(8418148910,'33429291816827775490',6),(8418148910,'33859145256383868890',3),(8418148910,'36172598459197328930',1),(8418148910,'36185273624426672440',1),(8418148910,'41341941989472683530',8),(8418148910,'41566658591118962220',2),(8418148910,'44943824699818186170',10),(8418148910,'45428325555798241320',3),(8418148910,'47752629351114854570',7),(8418148910,'48846394832465683790',6),(8418148910,'52115862663568654180',7),(8418148910,'53892425463193674570',6),(8418148910,'56792943745782937990',6),(8418148910,'58797785739935426530',4),(8418148910,'59151688828184861470',6),(8418148910,'61499367757334731610',8),(8418148910,'62538188773345514810',7),(8418148910,'64424878167124261960',9),(8418148910,'64967845257564219770',5),(8418148910,'66221247614488446260',6),(8418148910,'71255362593665456980',6),(8418148910,'71516913426222875580',5),(8418148910,'71526159211935584480',3),(8418148910,'72731813655299631850',7),(8418148910,'73344925164124961570',1),(8418148910,'74315461269214162710',1),(8418148910,'74984722112995693460',3),(8418148910,'79833497125423882360',3),(8418148910,'84362835276711787430',1),(8418148910,'84835136514511895140',3),(8418148910,'84858912325549476460',7),(8418148910,'85865954343715385780',9),(8418148910,'86548871138233435390',1),(8418148910,'87993622294599822170',5),(8418148910,'89917612557143794970',10),(8418148910,'91474848455578971620',3),(8418148910,'92886445714682188150',7),(8418148910,'93759398482838758510',4),(8418148910,'95486246213271281380',3),(8418148910,'99965125569947481110',1),(8522271840,'12156729423749988330',4),(8522271840,'13951714341272676140',8),(8522271840,'14257746449461682980',10),(8522271840,'14988638879497451740',5),(8522271840,'15546582515954292220',9),(8522271840,'16842935364451567830',5),(8522271840,'18371671125226885880',4),(8522271840,'21174466565184731710',2),(8522271840,'21226853771818285180',1),(8522271840,'21248971511366676550',3),(8522271840,'21893568432719281690',5),(8522271840,'22626939465628765710',10),(8522271840,'23434272656686168970',5),(8522271840,'24624563291961681670',1),(8522271840,'25313199135879254290',8),(8522271840,'26189768884311935790',8),(8522271840,'28497216184627592210',8),(8522271840,'28628948994715128390',7),(8522271840,'29497553727349231990',9),(8522271840,'29567577381257476270',2),(8522271840,'33429291816827775490',7),(8522271840,'35694668156673764310',2),(8522271840,'36185273624426672440',7),(8522271840,'36917492559856236820',1),(8522271840,'37113422679671185520',1),(8522271840,'41341941989472683530',7),(8522271840,'44943824699818186170',5),(8522271840,'45428325555798241320',8),(8522271840,'45598728936636247550',1),(8522271840,'46141193383586219450',4),(8522271840,'46548845182681393310',7),(8522271840,'47752629351114854570',2),(8522271840,'48846394832465683790',6),(8522271840,'49122942169667467930',10),(8522271840,'51586321927292513720',10),(8522271840,'54884158677541378960',1),(8522271840,'57276594111359181840',10),(8522271840,'61931138132212121740',9),(8522271840,'64891266958359771130',7),(8522271840,'64967845257564219770',7),(8522271840,'71255362593665456980',2),(8522271840,'71516913426222875580',5),(8522271840,'72621813465629169970',1),(8522271840,'73344925164124961570',6),(8522271840,'75894686446175281510',6),(8522271840,'79445888837191656130',10),(8522271840,'79925218733141417620',7),(8522271840,'83964624189832668960',9),(8522271840,'84362835276711787430',2),(8522271840,'87234111614265561910',2),(8522271840,'88341338682971561770',7),(8522271840,'92337687944923331910',4),(8522271840,'92886445714682188150',2),(8522271840,'94961151445497384980',8),(8522271840,'96498788247989692330',1),(8522271840,'98743495974962331410',4),(8522271840,'99236784448233346170',9),(8792647480,'15546582515954292220',5),(8792647480,'16574393435214222850',1),(8792647480,'16842935364451567830',6),(8792647480,'22626939465628765710',9),(8792647480,'24624563291961681670',1),(8792647480,'25989423381126635140',1),(8792647480,'29226655697627792250',1),(8792647480,'33859145256383868890',2),(8792647480,'36172598459197328930',7),(8792647480,'36917492559856236820',9),(8792647480,'37277335127457679990',7),(8792647480,'38876677415437469260',1),(8792647480,'41686136299974281610',7),(8792647480,'43552466715167725570',7),(8792647480,'44663325172782817760',1),(8792647480,'44818542618356665420',1),(8792647480,'45811471497398995960',8),(8792647480,'47582415368597493930',6),(8792647480,'52115862663568654180',2),(8792647480,'52898519483733114770',5),(8792647480,'53892425463193674570',10),(8792647480,'53986135939173649450',7),(8792647480,'56396478537964567990',6),(8792647480,'57399524154763589990',4),(8792647480,'61213352532459832520',1),(8792647480,'62538188773345514810',2),(8792647480,'64891266958359771130',5),(8792647480,'65745419818369294630',5),(8792647480,'71255362593665456980',3),(8792647480,'72731813655299631850',3),(8792647480,'77231529188723987980',7),(8792647480,'78787532664249196910',5),(8792647480,'79886121729654258170',2),(8792647480,'79954586149312491650',6),(8792647480,'82385455286181189690',7),(8792647480,'84362835276711787430',8),(8792647480,'85865954343715385780',5),(8792647480,'86548871138233435390',3),(8792647480,'91474848455578971620',1),(8792647480,'92337687944923331910',4),(8792647480,'93432441349285586950',5),(8792647480,'93759398482838758510',3),(8814292960,'18371671125226885880',1),(8814292960,'18633152376824913950',10),(8814292960,'21248971511366676550',10),(8814292960,'23479734197922524160',3),(8814292960,'28497216184627592210',4),(8814292960,'32619872282981551910',8),(8814292960,'33429291816827775490',5),(8814292960,'34466324153153846660',3),(8814292960,'35492425865619313460',2),(8814292960,'35691583125733338930',7),(8814292960,'36172598459197328930',4),(8814292960,'41566658591118962220',7),(8814292960,'43552466715167725570',5),(8814292960,'45753915613943169350',5),(8814292960,'46141193383586219450',1),(8814292960,'47582415368597493930',10),(8814292960,'47752629351114854570',2),(8814292960,'47845352453491555380',6),(8814292960,'49192226869788683410',5),(8814292960,'49431537146492999710',9),(8814292960,'55947176835892777160',4),(8814292960,'57276594111359181840',10),(8814292960,'58797785739935426530',4),(8814292960,'64967845257564219770',8),(8814292960,'67837919339693436940',2),(8814292960,'69986855824639444140',10),(8814292960,'71516913426222875580',4),(8814292960,'81752137169587931890',2),(8814292960,'84672341562629348470',8),(8814292960,'84858912325549476460',2),(8814292960,'91757119874974527750',9),(8814292960,'92337687944923331910',4),(8818684440,'13951714341272676140',7),(8818684440,'21226853771818285180',6),(8818684440,'21893568432719281690',4),(8818684440,'22626939465628765710',9),(8818684440,'25313199135879254290',3),(8818684440,'34466324153153846660',8),(8818684440,'35492425865619313460',5),(8818684440,'36185273624426672440',5),(8818684440,'37113422679671185520',4),(8818684440,'41566658591118962220',5),(8818684440,'45428325555798241320',6),(8818684440,'46141193383586219450',9),(8818684440,'47845352453491555380',5),(8818684440,'48846394832465683790',4),(8818684440,'52791736872891178430',7),(8818684440,'54542233513116669180',7),(8818684440,'61499367757334731610',7),(8818684440,'68775226117866239730',4),(8818684440,'71255362593665456980',8),(8818684440,'72567796334382554440',8),(8818684440,'72621813465629169970',4),(8818684440,'82385455286181189690',5),(8818684440,'83332538791136294770',8),(8818684440,'83964624189832668960',2),(8818684440,'85213188414346431110',10),(8818684440,'86548871138233435390',2),(8818684440,'86735742238738319670',2),(8818684440,'87978332486691249210',3),(8818684440,'91474848455578971620',1),(8818684440,'93759398482838758510',8),(8818684440,'97589878225913673810',10),(8818684440,'98743495974962331410',10),(8963871780,'11179134633575246530',4),(8963871780,'18371671125226885880',4),(8963871780,'21645924856577748630',3),(8963871780,'29226655697627792250',4),(8963871780,'35691583125733338930',8),(8963871780,'35983558214712424160',1),(8963871780,'36185273624426672440',10),(8963871780,'37277335127457679990',9),(8963871780,'41566658591118962220',8),(8963871780,'47752629351114854570',6),(8963871780,'54392649634196557120',9),(8963871780,'54884158677541378960',8),(8963871780,'57399524154763589990',1),(8963871780,'66221247614488446260',7),(8963871780,'71526159211935584480',4),(8963871780,'72567796334382554440',5),(8963871780,'72684791269548259820',9),(8963871780,'74523957832246744210',10),(8963871780,'75894686446175281510',6),(8963871780,'78787532664249196910',8),(8963871780,'84384737596311862850',1),(8963871780,'95486246213271281380',5),(9131536890,'19989194322952231860',2),(9131536890,'21226853771818285180',4),(9131536890,'28497216184627592210',1),(9131536890,'29567577381257476270',10),(9131536890,'38995727554817626820',6),(9131536890,'43552466715167725570',7),(9131536890,'44818542618356665420',6),(9131536890,'46548845182681393310',7),(9131536890,'48846394832465683790',8),(9131536890,'49122942169667467930',4),(9131536890,'52898519483733114770',9),(9131536890,'55992149159377726650',3),(9131536890,'61931138132212121740',4),(9131536890,'67837919339693436940',7),(9131536890,'68775226117866239730',7),(9131536890,'74984722112995693460',4),(9131536890,'78787532664249196910',4),(9131536890,'84672341562629348470',10),(9131536890,'84835136514511895140',2),(9131536890,'92337687944923331910',10),(9131536890,'95486246213271281380',5),(9131536890,'96498788247989692330',8),(9131536890,'98483494836964964810',6),(9289623930,'13951714341272676140',4),(9289623930,'14257746449461682980',2),(9289623930,'15546582515954292220',10),(9289623930,'18371671125226885880',2),(9289623930,'19129343563698366350',2),(9289623930,'21174466565184731710',9),(9289623930,'21645924856577748630',4),(9289623930,'23434272656686168970',8),(9289623930,'24624563291961681670',1),(9289623930,'25313199135879254290',3),(9289623930,'28497216184627592210',7),(9289623930,'28543967996838977930',5),(9289623930,'28628948994715128390',8),(9289623930,'29567577381257476270',1),(9289623930,'31354629837891943720',2),(9289623930,'33859145256383868890',5),(9289623930,'36185273624426672440',10),(9289623930,'38876677415437469260',2),(9289623930,'39189195592422362240',5),(9289623930,'41566658591118962220',5),(9289623930,'42856379744632471950',9),(9289623930,'44663325172782817760',10),(9289623930,'44943824699818186170',1),(9289623930,'45811471497398995960',4),(9289623930,'49122942169667467930',6),(9289623930,'49192226869788683410',10),(9289623930,'51137147827378248770',6),(9289623930,'52791736872891178430',8),(9289623930,'52898519483733114770',6),(9289623930,'54542233513116669180',7),(9289623930,'54884158677541378960',1),(9289623930,'61213352532459832520',6),(9289623930,'65745419818369294630',2),(9289623930,'68775226117866239730',8),(9289623930,'72684791269548259820',6),(9289623930,'74984722112995693460',2),(9289623930,'75894686446175281510',1),(9289623930,'76386759845816822880',6),(9289623930,'79445888837191656130',10),(9289623930,'79954586149312491650',6),(9289623930,'83332538791136294770',2),(9289623930,'84362835276711787430',8),(9289623930,'84672341562629348470',6),(9289623930,'85213188414346431110',4),(9289623930,'85865954343715385780',9),(9289623930,'89917612557143794970',10),(9289623930,'91757119874974527750',8),(9289623930,'92146162878542952130',5),(9289623930,'92886445714682188150',4),(9289623930,'93432441349285586950',6),(9289623930,'93759398482838758510',7),(9289623930,'96498788247989692330',8),(9289623930,'98483494836964964810',9),(9289623930,'99965125569947481110',6),(9661921790,'18736444139684737650',7),(9661921790,'35983558214712424160',9),(9661921790,'41686136299974281610',9),(9661921790,'42856379744632471950',3),(9661921790,'45811471497398995960',1),(9661921790,'53986135939173649450',1),(9661921790,'78787532664249196910',2),(9661921790,'91757119874974527750',7),(9661921790,'95536213622387962370',1),(9914697820,'12156729423749988330',4),(9914697820,'13951714341272676140',10),(9914697820,'14257746449461682980',3),(9914697820,'21174466565184731710',5),(9914697820,'21226853771818285180',7),(9914697820,'21248971511366676550',8),(9914697820,'21513673488429469110',9),(9914697820,'23141192348159123630',3),(9914697820,'23238223642278111210',6),(9914697820,'23778849532678675790',7),(9914697820,'26189768884311935790',2),(9914697820,'28628948994715128390',2),(9914697820,'29226655697627792250',6),(9914697820,'33429291816827775490',7),(9914697820,'36917492559856236820',7),(9914697820,'37113422679671185520',9),(9914697820,'38876677415437469260',8),(9914697820,'38995727554817626820',1),(9914697820,'41566658591118962220',8),(9914697820,'42856379744632471950',9),(9914697820,'45811471497398995960',1),(9914697820,'46141193383586219450',4),(9914697820,'47582415368597493930',8),(9914697820,'47752629351114854570',4),(9914697820,'48846394832465683790',1),(9914697820,'49192226869788683410',8),(9914697820,'49431537146492999710',1),(9914697820,'51586321927292513720',9),(9914697820,'52791736872891178430',4),(9914697820,'52898519483733114770',4),(9914697820,'53986135939173649450',2),(9914697820,'56765252471188833590',3),(9914697820,'56792943745782937990',3),(9914697820,'56867135745118225840',4),(9914697820,'58797785739935426530',5),(9914697820,'61213352532459832520',1),(9914697820,'61329462725471716360',2),(9914697820,'62989142465619679120',5),(9914697820,'64891266958359771130',6),(9914697820,'67837919339693436940',8),(9914697820,'72684791269548259820',7),(9914697820,'74984722112995693460',5),(9914697820,'75894686446175281510',1),(9914697820,'78787532664249196910',10),(9914697820,'79445888837191656130',5),(9914697820,'79833497125423882360',7),(9914697820,'83332538791136294770',2),(9914697820,'84835136514511895140',4),(9914697820,'86735742238738319670',3),(9914697820,'87234111614265561910',8),(9914697820,'92146162878542952130',3),(9914697820,'93432441349285586950',4),(9914697820,'94961151445497384980',5),(9914697820,'95486246213271281380',4),(9914697820,'96498788247989692330',3),(9914697820,'98687988611581516450',2),(9914697820,'99236784448233346170',3),(9914697820,'99965125569947481110',2),(9996841160,'24624563291961681670',6),(9996841160,'49122942169667467930',9),(9996841160,'56792943745782937990',1),(9996841160,'79925218733141417620',9);
